"Date","Price","Open","High","Low","Vol.","Change %"
"May 31, 2022","151.57","152.50","152.89","151.34","1.55M","-0.71%"
"May 30, 2022","152.65","153.48","153.52","152.36","638.12K","-0.71%"
"May 27, 2022","153.74","153.31","154.14","153.22","629.94K","0.31%"
"May 26, 2022","153.26","153.86","154.74","153.19","783.65K","-0.43%"
"May 25, 2022","153.92","153.55","154.43","153.48","802.67K","-0.01%"
"May 24, 2022","153.94","153.10","153.98","152.77","940.98K","0.54%"
"May 23, 2022","153.11","153.82","154.11","152.85","772.39K","-0.53%"
"May 20, 2022","153.93","153.60","154.22","153.16","676.71K","0.03%"
"May 19, 2022","153.88","153.07","154.45","152.48","935.72K","0.61%"
"May 18, 2022","152.94","152.58","153.06","151.89","942.44K","0.26%"
"May 17, 2022","152.54","153.72","153.74","152.33","863.00K","-0.97%"
"May 16, 2022","154.03","153.88","154.20","152.99","611.24K","0.18%"
"May 13, 2022","153.76","155.06","155.12","153.65","653.54K","-0.65%"
"May 12, 2022","154.76","153.85","155.33","153.61","1.06M","1.21%"
"May 11, 2022","152.91","152.64","153.86","151.87","1.02M","-0.03%"
"May 10, 2022","152.95","151.93","153.17","151.50","787.78K","0.80%"
"May 09, 2022","151.74","151.01","152.01","150.49","778.27K","0.53%"
"May 06, 2022","150.94","152.55","152.74","150.81","901.94K","-1.06%"
"May 05, 2022","152.55","153.60","154.18","152.15","970.86K","-0.41%"
"May 04, 2022","153.18","152.86","153.73","152.44","672.88K","-0.32%"
"May 03, 2022","153.67","153.34","154.10","152.66","759.38K","0.12%"
"May 02, 2022","153.49","153.61","154.19","153.23","421.18K","-0.07%"
"Apr 29, 2022","153.59","154.44","154.69","153.43","979.01K","-0.36%"
"Apr 28, 2022","154.15","155.35","156.00","154.02","961.40K","-0.84%"
"Apr 27, 2022","155.46","155.45","155.83","154.82","779.88K","-0.01%"
"Apr 26, 2022","155.48","154.77","155.74","154.18","786.59K","0.38%"
"Apr 25, 2022","154.89","153.14","155.26","153.11","814.83K","1.07%"
"Apr 22, 2022","153.25","153.47","153.92","153.05","732.99K","-0.36%"
"Apr 21, 2022","153.80","154.57","154.66","153.28","852.39K","-0.52%"
"Apr 20, 2022","154.61","153.44","155.00","153.25","773.03K","0.59%"
"Apr 19, 2022","153.70","154.55","154.70","153.29","753.45K","-0.65%"
"Apr 15, 2022","154.71","154.71","154.71","154.71","-","-0.15%"
"Apr 14, 2022","154.95","155.48","156.17","154.63","814.99K","-0.58%"
"Apr 13, 2022","155.86","155.10","155.91","154.51","759.54K","0.32%"
"Apr 12, 2022","155.36","154.75","155.76","154.27","820.62K","0.21%"
"Apr 11, 2022","155.03","156.13","156.19","154.93","738.45K","-0.98%"
"Apr 08, 2022","156.57","157.01","157.29","156.26","648.08K","-0.17%"
"Apr 07, 2022","156.83","157.59","157.87","156.40","911.68K","-0.26%"
"Apr 06, 2022","157.24","157.76","157.78","156.84","818.43K","-0.31%"
"Apr 05, 2022","157.73","159.31","159.42","157.62","832.87K","-0.86%"
"Apr 04, 2022","159.10","158.50","159.79","158.12","772.12K","0.47%"
"Apr 01, 2022","158.35","158.55","158.89","157.71","816.14K","-0.20%"
"Mar 31, 2022","158.66","157.04","159.05","156.90","999.82K","0.95%"
"Mar 30, 2022","157.16","157.53","158.06","156.37","878.66K","-0.13%"
"Mar 29, 2022","157.37","158.22","158.33","156.05","916.30K","-0.60%"
"Mar 28, 2022","158.32","158.47","158.67","157.65","694.00K","-0.21%"
"Mar 25, 2022","158.65","159.15","159.64","158.08","657.96K","-0.38%"
"Mar 24, 2022","159.26","160.05","160.26","158.73","737.86K","-0.34%"
"Mar 23, 2022","159.80","159.39","160.31","159.06","656.78K","0.23%"
"Mar 22, 2022","159.43","159.99","159.99","159.07","790.43K","-0.54%"
"Mar 21, 2022","160.30","161.26","161.34","159.77","526.10K","-0.66%"
"Mar 18, 2022","161.37","161.19","161.77","160.76","490.02K","0.22%"
"Mar 17, 2022","161.01","161.16","161.69","160.68","715.29K","-0.04%"
"Mar 16, 2022","161.07","161.63","161.81","160.56","690.10K","-0.56%"
"Mar 15, 2022","161.97","161.34","162.05","160.90","617.48K","0.47%"
"Mar 14, 2022","161.21","162.46","162.73","161.14","605.35K","-0.76%"
"Mar 11, 2022","162.44","162.94","163.20","162.01","647.56K","-0.21%"
"Mar 10, 2022","162.78","163.63","164.43","162.02","961.96K","-0.49%"
"Mar 09, 2022","163.58","164.96","165.29","163.38","850.51K","-2.91%"
"Mar 08, 2022","168.49","169.71","170.12","168.23","10.85K","-0.83%"
"Mar 07, 2022","169.90","171.35","171.66","169.61","155.38K","-0.62%"
"Mar 04, 2022","170.96","169.54","171.22","169.17","926.18K","1.04%"
"Mar 03, 2022","169.20","169.55","169.75","168.46","1.52M","-0.11%"
"Mar 02, 2022","169.38","170.45","170.85","169.01","1.50M","-0.54%"
"Mar 01, 2022","170.30","167.75","171.12","167.31","1.79M","1.95%"
"Feb 28, 2022","167.04","167.03","168.00","166.25","969.08K","0.54%"
"Feb 25, 2022","166.15","166.63","167.20","165.87","853.80K","-0.47%"
"Feb 24, 2022","166.93","166.18","168.01","166.01","1.19M","0.57%"
"Feb 23, 2022","165.99","165.65","166.17","165.39","764.91K","0.18%"
"Feb 22, 2022","165.70","166.92","167.17","165.16","1.04M","-0.34%"
"Feb 21, 2022","166.26","166.77","166.97","165.80","633.56K","-0.05%"
"Feb 18, 2022","166.34","166.20","166.74","165.61","678.08K","0.30%"
"Feb 17, 2022","165.84","165.35","166.08","165.14","836.75K","0.37%"
"Feb 16, 2022","165.23","164.75","165.47","164.34","805.45K","0.42%"
"Feb 15, 2022","164.54","165.44","165.53","164.42","942.12K","-0.42%"
"Feb 14, 2022","165.23","165.89","166.38","164.95","942.67K","0.17%"
"Feb 11, 2022","164.95","164.71","166.46","164.48","965.98K","0.01%"
"Feb 10, 2022","164.94","165.80","165.96","164.37","1.11M","-0.55%"
"Feb 09, 2022","165.86","165.33","166.01","165.33","870.19K","0.41%"
"Feb 08, 2022","165.18","165.71","166.11","165.03","1.09M","-0.25%"
"Feb 07, 2022","165.60","166.07","166.49","165.38","1.08M","-0.25%"
"Feb 04, 2022","166.02","166.89","167.00","165.72","1.27M","-0.53%"
"Feb 03, 2022","166.90","168.76","168.81","166.84","1.31M","-1.04%"
"Feb 02, 2022","168.66","168.81","169.17","168.41","759.46K","-0.06%"
"Feb 01, 2022","168.76","169.03","169.54","168.65","791.63K","-0.21%"
"Jan 31, 2022","169.11","169.91","169.93","168.81","935.28K","-0.54%"
"Jan 28, 2022","170.02","170.21","170.22","169.42","783.92K","-0.08%"
"Jan 27, 2022","170.16","169.78","170.42","169.67","788.20K","-0.11%"
"Jan 26, 2022","170.35","170.34","170.58","169.66","685.63K","-0.18%"
"Jan 25, 2022","170.66","170.62","170.89","170.26","794.72K","-0.12%"
"Jan 24, 2022","170.87","170.23","171.07","170.10","740.08K","0.34%"
"Jan 21, 2022","170.29","170.00","170.63","169.92","704.57K","0.32%"
"Jan 20, 2022","169.74","169.28","169.94","169.21","614.30K","0.21%"
"Jan 19, 2022","169.38","169.30","169.54","168.95","772.80K","-0.11%"
"Jan 18, 2022","169.57","169.67","169.81","169.31","737.05K","-0.05%"
"Jan 17, 2022","169.65","169.80","169.92","169.53","377.17K","-0.25%"
"Jan 14, 2022","170.08","170.83","170.95","169.87","708.78K","-0.37%"
"Jan 13, 2022","170.71","170.08","171.00","169.86","722.58K","0.29%"
"Jan 12, 2022","170.22","169.87","170.51","169.74","800.92K","0.25%"
"Jan 11, 2022","169.79","169.92","170.20","169.57","771.35K","-0.10%"
"Jan 10, 2022","169.96","169.96","170.21","169.71","679.20K","-0.02%"
"Jan 07, 2022","170.00","170.45","170.53","169.88","613.34K","-0.20%"
"Jan 06, 2022","170.34","170.53","170.61","169.95","762.90K","-0.24%"
"Jan 05, 2022","170.75","170.75","170.93","170.53","639.22K","-0.04%"
"Jan 04, 2022","170.81","170.69","171.17","170.50","717.15K","0.04%"
"Jan 03, 2022","170.74","171.36","171.53","170.55","492.41K","-0.37%"
"Dec 30, 2021","171.37","171.42","171.79","171.31","314.73K","-0.08%"
"Dec 29, 2021","171.51","172.31","172.42","171.31","325.49K","-0.49%"
"Dec 28, 2021","172.36","172.36","172.47","172.09","189.53K","-0.03%"
"Dec 27, 2021","172.41","172.48","172.64","172.08","180.06K","-0.08%"
"Dec 24, 2021","172.54","172.54","172.54","172.54","-","0.06%"
"Dec 23, 2021","172.43","173.17","173.19","172.28","371.68K","-0.41%"
"Dec 22, 2021","173.14","173.47","173.52","172.77","362.64K","-0.10%"
"Dec 21, 2021","173.31","174.23","174.44","173.23","476.94K","-0.64%"
"Dec 20, 2021","174.42","174.74","174.94","174.09","403.16K","-0.01%"
"Dec 17, 2021","174.43","174.25","174.66","174.08","405.41K","0.22%"
"Dec 16, 2021","174.05","174.09","174.44","173.43","667.66K","-0.15%"
"Dec 15, 2021","174.32","174.39","174.56","174.04","403.49K","-0.08%"
"Dec 14, 2021","174.46","174.64","174.75","174.18","394.66K","-0.13%"
"Dec 13, 2021","174.68","173.91","174.70","173.89","359.93K","0.25%"
"Dec 10, 2021","174.24","174.13","174.27","173.78","448.42K","0.03%"
"Dec 09, 2021","174.19","173.59","174.31","173.44","464.44K","0.77%"
"Dec 08, 2021","172.86","172.54","172.96","172.40","8.24K","0.19%"
"Dec 07, 2021","172.53","172.69","172.79","172.27","117.81K","-0.22%"
"Dec 06, 2021","172.91","172.92","173.01","172.60","662.45K","0.08%"
"Dec 03, 2021","172.77","172.83","173.14","172.41","1.12M","0.01%"
"Dec 02, 2021","172.75","172.47","173.06","172.12","1.42M","0.40%"
"Dec 01, 2021","172.07","172.19","172.59","171.63","1.05M","-0.17%"
"Nov 30, 2021","172.37","171.99","172.71","171.84","1.02M","0.20%"
"Nov 29, 2021","172.02","172.03","172.38","171.65","671.18K","-0.19%"
"Nov 26, 2021","172.34","171.19","172.46","171.14","879.09K","0.80%"
"Nov 25, 2021","170.98","170.60","171.06","170.60","349.08K","0.26%"
"Nov 24, 2021","170.54","170.74","171.18","170.31","793.13K","-0.16%"
"Nov 23, 2021","170.81","171.68","171.70","170.56","784.69K","-0.56%"
"Nov 22, 2021","171.77","172.19","172.57","171.53","644.23K","-0.32%"
"Nov 19, 2021","172.32","171.21","172.42","171.00","891.76K","0.63%"
"Nov 18, 2021","171.24","170.94","171.38","170.88","640.49K","0.28%"
"Nov 17, 2021","170.77","170.62","170.97","170.55","537.00K","0.00%"
"Nov 16, 2021","170.77","170.54","170.86","170.36","618.97K","0.01%"
"Nov 15, 2021","170.75","171.01","171.40","170.42","628.91K","-0.06%"
"Nov 12, 2021","170.85","170.50","171.07","170.32","676.53K","0.25%"
"Nov 11, 2021","170.42","170.41","170.87","170.21","582.16K","-0.16%"
"Nov 10, 2021","170.69","171.26","171.38","170.27","843.97K","-0.33%"
"Nov 09, 2021","171.25","170.60","171.44","170.52","709.92K","0.33%"
"Nov 08, 2021","170.69","171.10","171.12","170.43","556.85K","-0.22%"
"Nov 05, 2021","171.07","170.16","171.24","170.06","850.91K","0.51%"
"Nov 04, 2021","170.21","169.17","170.33","169.03","894.29K","0.51%"
"Nov 03, 2021","169.34","169.25","169.70","168.98","803.10K","0.01%"
"Nov 02, 2021","169.33","168.39","169.36","168.31","875.01K","0.70%"
"Nov 01, 2021","168.15","168.18","168.56","167.69","740.86K","0.02%"
"Oct 29, 2021","168.12","168.95","168.98","167.71","1.35M","-0.56%"
"Oct 28, 2021","169.06","169.61","169.65","168.29","1.27M","-0.28%"
"Oct 27, 2021","169.54","168.78","169.83","168.51","958.58K","0.50%"
"Oct 26, 2021","168.69","168.56","168.97","168.40","630.95K","0.02%"
"Oct 25, 2021","168.65","168.44","168.68","168.07","583.71K","0.22%"
"Oct 22, 2021","168.28","167.90","168.55","167.84","758.78K","0.02%"
"Oct 21, 2021","168.25","168.50","168.80","167.92","722.50K","-0.27%"
"Oct 20, 2021","168.71","168.26","168.87","168.08","678.20K","0.10%"
"Oct 19, 2021","168.54","169.08","169.48","168.34","846.46K","-0.34%"
"Oct 18, 2021","169.11","169.22","169.30","168.64","913.62K","-0.27%"
"Oct 15, 2021","169.56","169.84","169.84","169.17","670.47K","-0.05%"
"Oct 14, 2021","169.65","168.86","169.92","168.64","984.02K","0.42%"
"Oct 13, 2021","168.94","168.34","169.12","168.31","1.13M","0.31%"
"Oct 12, 2021","168.41","168.83","169.00","168.21","1.07M","-0.22%"
"Oct 11, 2021","168.78","169.10","169.11","168.57","547.63K","-0.26%"
"Oct 08, 2021","169.22","169.55","169.69","169.11","832.29K","-0.29%"
"Oct 07, 2021","169.71","169.53","170.00","169.40","706.34K","0.04%"
"Oct 06, 2021","169.65","169.63","169.91","169.12","923.81K","-0.01%"
"Oct 05, 2021","169.66","170.17","170.39","169.64","704.30K","-0.26%"
"Oct 04, 2021","170.11","170.45","170.55","169.92","604.57K","-0.06%"
"Oct 01, 2021","170.22","170.03","170.53","169.92","781.48K","0.24%"
"Sep 30, 2021","169.82","170.12","170.19","169.56","942.18K","-0.19%"
"Sep 29, 2021","170.15","169.65","170.32","169.61","737.21K","0.17%"
"Sep 28, 2021","169.86","170.25","170.31","169.48","943.32K","-0.18%"
"Sep 27, 2021","170.17","170.33","170.68","169.73","786.12K","-0.08%"
"Sep 24, 2021","170.30","170.59","170.62","170.14","803.94K","-0.23%"
"Sep 23, 2021","170.70","171.67","171.72","170.60","905.35K","-0.61%"
"Sep 22, 2021","171.74","171.69","171.93","171.41","584.54K","0.00%"
"Sep 21, 2021","171.74","171.70","171.96","171.27","652.92K","0.11%"
"Sep 20, 2021","171.55","171.01","171.84","170.99","702.85K","0.32%"
"Sep 17, 2021","171.00","171.20","171.32","170.81","675.36K","-0.25%"
"Sep 16, 2021","171.43","171.48","171.53","171.10","684.75K","-0.08%"
"Sep 15, 2021","171.57","171.86","172.07","171.34","727.41K","-0.20%"
"Sep 14, 2021","171.91","171.70","172.12","171.33","807.83K","0.06%"
"Sep 13, 2021","171.80","171.71","171.92","171.62","418.82K","-0.05%"
"Sep 10, 2021","171.88","172.44","172.46","171.71","521.58K","-0.23%"
"Sep 09, 2021","172.28","171.69","172.48","171.59","763.55K","-1.33%"
"Sep 08, 2021","174.60","174.44","174.71","174.33","9.31K","0.06%"
"Sep 07, 2021","174.49","175.10","175.18","174.36","186.56K","-0.43%"
"Sep 06, 2021","175.25","175.09","175.27","174.90","512.63K","0.05%"
"Sep 03, 2021","175.17","175.42","175.64","174.90","1.17M","-0.17%"
"Sep 02, 2021","175.47","175.23","175.65","175.20","1.46M","0.14%"
"Sep 01, 2021","175.23","175.35","175.50","174.98","1.14M","-0.13%"
"Aug 31, 2021","175.45","176.46","176.48","175.34","996.21K","-0.47%"
"Aug 30, 2021","176.28","176.11","176.40","175.83","387.01K","0.16%"
"Aug 27, 2021","175.99","175.86","176.11","175.66","540.73K","0.03%"
"Aug 26, 2021","175.93","175.91","176.14","175.71","736.49K","-0.03%"
"Aug 25, 2021","175.98","176.77","176.87","175.91","811.47K","-0.48%"
"Aug 24, 2021","176.83","176.93","177.08","176.66","518.08K","-0.03%"
"Aug 23, 2021","176.89","177.10","177.16","176.56","507.28K","-0.15%"
"Aug 20, 2021","177.15","177.02","177.22","176.99","318.42K","0.06%"
"Aug 19, 2021","177.04","177.01","177.24","176.86","518.03K","0.07%"
"Aug 18, 2021","176.92","176.81","177.08","176.71","430.20K","0.07%"
"Aug 17, 2021","176.80","176.75","177.24","176.68","510.27K","0.00%"
"Aug 16, 2021","176.80","176.86","177.07","176.48","468.51K","0.09%"
"Aug 13, 2021","176.64","176.52","176.80","176.29","394.18K","0.03%"
"Aug 12, 2021","176.58","176.76","176.77","176.35","416.08K","0.01%"
"Aug 11, 2021","176.57","176.55","176.83","176.21","579.58K","-0.01%"
"Aug 10, 2021","176.59","176.60","176.95","176.41","451.13K","0.04%"
"Aug 09, 2021","176.52","176.45","176.91","176.39","405.68K","0.01%"
"Aug 06, 2021","176.50","177.20","177.27","176.47","580.95K","-0.45%"
"Aug 05, 2021","177.29","177.16","177.61","177.05","561.19K","0.20%"
"Aug 04, 2021","176.94","177.01","177.52","176.85","661.16K","-0.02%"
"Aug 03, 2021","176.97","176.82","177.12","176.67","459.06K","0.08%"
"Aug 02, 2021","176.82","176.55","177.07","176.35","504.55K","0.14%"
"Jul 30, 2021","176.57","176.54","176.73","176.29","584.90K","0.07%"
"Jul 29, 2021","176.44","176.57","176.67","176.03","594.92K","0.02%"
"Jul 28, 2021","176.41","176.27","176.66","176.20","628.19K","0.09%"
"Jul 27, 2021","176.26","175.88","176.37","175.82","503.70K","0.24%"
"Jul 26, 2021","175.83","176.00","176.42","175.62","541.47K","0.01%"
"Jul 23, 2021","175.81","175.90","175.97","175.56","476.08K","-0.07%"
"Jul 22, 2021","175.94","175.54","176.15","175.24","695.78K","0.23%"
"Jul 21, 2021","175.53","175.77","176.11","175.41","755.38K","-0.18%"
"Jul 20, 2021","175.85","175.48","176.28","175.41","912.58K","0.19%"
"Jul 19, 2021","175.52","175.15","175.72","175.02","742.94K","0.37%"
"Jul 16, 2021","174.87","174.86","175.04","174.65","451.48K","0.17%"
"Jul 15, 2021","174.58","174.55","174.90","174.45","623.77K","0.14%"
"Jul 14, 2021","174.34","173.72","174.49","173.70","612.53K","0.13%"
"Jul 13, 2021","174.12","174.05","174.31","173.70","802.45K","0.04%"
"Jul 12, 2021","174.05","173.91","174.32","173.91","456.60K","0.09%"
"Jul 09, 2021","173.90","174.16","174.32","173.87","552.53K","-0.25%"
"Jul 08, 2021","174.34","174.16","174.77","174.09","892.13K","0.18%"
"Jul 07, 2021","174.02","173.60","174.27","173.46","782.43K","0.24%"
"Jul 06, 2021","173.60","172.72","173.65","172.49","753.36K","0.52%"
"Jul 05, 2021","172.70","173.12","173.18","172.65","344.34K","-0.23%"
"Jul 02, 2021","173.09","172.62","173.19","172.54","692.35K","0.32%"
"Jul 01, 2021","172.54","172.50","172.69","172.22","666.57K","-0.04%"
"Jun 30, 2021","172.61","172.13","172.74","171.98","724.06K","0.31%"
"Jun 29, 2021","172.07","172.25","172.33","171.86","666.53K","-0.11%"
"Jun 28, 2021","172.26","171.79","172.34","171.71","496.38K","0.29%"
"Jun 25, 2021","171.77","172.24","172.30","171.68","551.49K","-0.32%"
"Jun 24, 2021","172.33","172.21","172.39","171.88","573.16K","0.09%"
"Jun 23, 2021","172.17","172.02","172.46","171.76","686.92K","0.13%"
"Jun 22, 2021","171.95","172.12","172.20","171.67","677.71K","-0.12%"
"Jun 21, 2021","172.16","172.69","173.03","171.93","770.50K","-0.25%"
"Jun 18, 2021","172.60","172.47","172.88","172.36","826.46K","0.09%"
"Jun 17, 2021","172.44","171.97","172.70","171.80","802.66K","-0.05%"
"Jun 16, 2021","172.53","172.30","172.66","171.91","555.13K","0.12%"
"Jun 15, 2021","172.32","172.62","172.80","172.25","686.03K","-0.19%"
"Jun 14, 2021","172.64","172.91","173.04","172.52","440.45K","-0.14%"
"Jun 11, 2021","172.88","172.87","173.16","172.79","570.97K","0.20%"
"Jun 10, 2021","172.53","172.55","172.88","171.97","796.97K","-0.02%"
"Jun 09, 2021","172.56","172.11","172.85","172.08","715.68K","1.37%"
"Jun 08, 2021","170.23","170.15","170.35","170.09","16.19K","0.06%"
"Jun 07, 2021","170.12","170.29","170.40","170.05","156.25K","-0.12%"
"Jun 04, 2021","170.33","169.90","170.43","169.84","753.54K","0.23%"
"Jun 03, 2021","169.94","170.17","170.20","169.81","1.17M","-0.12%"
"Jun 02, 2021","170.15","169.92","170.20","169.88","1.33M","0.19%"
"Jun 01, 2021","169.83","170.06","170.15","169.68","1.18M","-0.06%"
"May 31, 2021","169.94","169.87","170.08","169.48","487.14K","0.00%"
"May 28, 2021","169.94","169.81","170.08","169.53","731.71K","0.09%"
"May 27, 2021","169.79","170.30","170.38","169.68","784.83K","-0.29%"
"May 26, 2021","170.29","169.88","170.40","169.69","872.00K","0.35%"
"May 25, 2021","169.69","169.37","169.92","169.29","819.33K","0.22%"
"May 24, 2021","169.32","169.18","169.41","169.02","465.55K","0.11%"
"May 21, 2021","169.14","168.82","169.31","168.75","770.58K","0.18%"
"May 20, 2021","168.84","168.63","168.92","168.48","705.69K","-0.04%"
"May 19, 2021","168.90","168.76","169.12","168.29","1.01M","0.05%"
"May 18, 2021","168.82","168.83","169.14","168.69","842.70K","-0.02%"
"May 17, 2021","168.86","169.13","169.35","168.67","778.72K","-0.07%"
"May 14, 2021","168.98","169.02","169.21","168.77","739.61K","0.05%"
"May 13, 2021","168.89","168.80","169.08","168.59","801.72K","-0.03%"
"May 12, 2021","168.94","169.42","169.77","168.83","964.25K","-0.30%"
"May 11, 2021","169.45","170.13","170.25","169.39","997.63K","-0.49%"
"May 10, 2021","170.29","170.18","170.32","169.97","561.91K","-0.11%"
"May 07, 2021","170.47","170.43","170.98","170.20","1.00M","-0.07%"
"May 06, 2021","170.59","170.57","170.88","170.23","823.07K","0.07%"
"May 05, 2021","170.47","170.62","170.64","170.20","705.69K","-0.11%"
"May 04, 2021","170.66","170.15","170.80","169.89","877.24K","0.29%"
"May 03, 2021","170.16","169.98","170.34","169.47","611.31K","0.09%"
"Apr 30, 2021","170.00","169.79","170.19","169.77","746.52K","0.07%"
"Apr 29, 2021","169.88","170.61","170.64","169.66","929.25K","-0.35%"
"Apr 28, 2021","170.48","170.59","170.67","170.04","803.04K","-0.16%"
"Apr 27, 2021","170.76","170.75","170.91","170.51","564.46K","-0.04%"
"Apr 26, 2021","170.83","170.75","170.95","170.46","576.13K","0.00%"
"Apr 23, 2021","170.83","171.02","171.13","170.67","617.36K","-0.06%"
"Apr 22, 2021","170.94","171.02","171.27","170.53","845.85K","0.04%"
"Apr 21, 2021","170.88","170.82","171.12","170.61","697.04K","0.08%"
"Apr 20, 2021","170.74","170.38","170.93","170.09","820.26K","0.15%"
"Apr 19, 2021","170.48","170.94","171.07","170.17","819.39K","-0.25%"
"Apr 16, 2021","170.91","171.28","171.31","170.77","647.84K","-0.25%"
"Apr 15, 2021","171.33","170.66","171.52","170.60","775.72K","0.27%"
"Apr 14, 2021","170.87","171.57","171.62","170.66","748.30K","-0.23%"
"Apr 13, 2021","171.26","171.22","171.54","170.98","852.16K","-0.02%"
"Apr 12, 2021","171.30","171.25","171.87","171.23","664.71K","-0.04%"
"Apr 09, 2021","171.37","171.98","172.07","171.15","734.48K","-0.30%"
"Apr 08, 2021","171.89","171.67","172.12","171.63","573.51K","0.13%"
"Apr 07, 2021","171.67","171.67","172.06","171.60","666.40K","-0.01%"
"Apr 06, 2021","171.68","171.55","171.89","171.32","595.43K","-0.03%"
"Apr 02, 2021","171.73","171.73","171.73","171.73","-","-0.06%"
"Apr 01, 2021","171.83","171.10","171.86","171.07","571.20K","0.32%"
"Mar 31, 2021","171.28","171.14","171.40","170.88","771.11K","0.16%"
"Mar 30, 2021","171.00","171.53","171.56","170.71","932.15K","-0.36%"
"Mar 29, 2021","171.62","172.08","172.34","171.45","623.82K","-0.29%"
"Mar 26, 2021","172.12","172.56","172.58","171.91","628.46K","-0.27%"
"Mar 25, 2021","172.58","172.30","172.66","172.15","641.25K","0.24%"
"Mar 24, 2021","172.17","172.19","172.44","171.93","700.32K","0.15%"
"Mar 23, 2021","171.92","171.54","172.17","171.42","775.98K","0.25%"
"Mar 22, 2021","171.49","171.30","171.80","171.23","584.36K","0.16%"
"Mar 19, 2021","171.22","170.96","171.43","170.93","664.88K","0.29%"
"Mar 18, 2021","170.72","171.44","171.47","170.52","960.18K","-0.21%"
"Mar 17, 2021","171.08","171.68","171.80","170.98","817.35K","-0.41%"
"Mar 16, 2021","171.78","171.77","172.00","171.64","689.01K","0.00%"
"Mar 15, 2021","171.78","171.32","171.87","171.20","653.50K","0.39%"
"Mar 12, 2021","171.12","171.62","171.65","171.05","733.60K","-0.30%"
"Mar 11, 2021","171.64","171.43","172.20","171.30","986.92K","0.19%"
"Mar 10, 2021","171.32","171.38","171.53","171.07","588.85K","0.05%"
"Mar 09, 2021","171.23","170.93","171.70","170.83","740.72K","-1.60%"
"Mar 08, 2021","174.01","173.95","174.00","173.71","15.50K","0.01%"
"Mar 05, 2021","174.00","173.69","174.28","173.63","209.17K","-0.15%"
"Mar 04, 2021","174.27","173.79","174.51","173.71","938.86K","0.18%"
"Mar 03, 2021","173.95","174.93","174.97","173.75","1.44M","-0.41%"
"Mar 02, 2021","174.67","174.75","174.93","174.14","1.42M","0.06%"
"Mar 01, 2021","174.56","174.02","174.75","173.77","1.15M","0.67%"
"Feb 26, 2021","173.40","172.11","173.91","172.11","1.50M","0.20%"
"Feb 25, 2021","173.06","174.21","174.25","172.08","1.70M","-0.56%"
"Feb 24, 2021","174.04","174.49","174.57","173.65","1.15M","-0.18%"
"Feb 23, 2021","174.35","174.57","174.65","173.82","1.18M","-0.21%"
"Feb 22, 2021","174.72","173.95","175.02","173.58","1.27M","0.31%"
"Feb 19, 2021","174.18","174.64","174.70","173.98","944.86K","-0.29%"
"Feb 18, 2021","174.68","175.12","175.26","174.38","1.02M","-0.21%"
"Feb 17, 2021","175.04","174.45","175.14","174.38","1.15M","0.14%"
"Feb 16, 2021","174.80","175.24","175.45","174.49","1.05M","-0.25%"
"Feb 15, 2021","175.23","175.65","175.70","175.15","670.34K","-0.42%"
"Feb 12, 2021","175.97","176.39","176.53","175.77","758.70K","-0.26%"
"Feb 11, 2021","176.43","176.27","176.64","176.24","656.53K","0.19%"
"Feb 10, 2021","176.10","176.07","176.38","175.94","688.20K","-0.06%"
"Feb 09, 2021","176.21","176.10","176.36","175.92","765.00K","0.05%"
"Feb 08, 2021","176.12","175.96","176.23","175.61","643.91K","-0.03%"
"Feb 05, 2021","176.17","176.28","176.48","175.63","977.99K","-0.09%"
"Feb 04, 2021","176.32","176.35","176.57","176.10","848.30K","-0.08%"
"Feb 03, 2021","176.47","176.60","176.70","176.35","761.77K","-0.16%"
"Feb 02, 2021","176.75","177.13","177.23","176.63","876.69K","-0.27%"
"Feb 01, 2021","177.22","177.36","177.42","176.97","635.89K","-0.02%"
"Jan 29, 2021","177.25","177.58","177.66","176.89","1.15M","-0.29%"
"Jan 28, 2021","177.77","177.64","177.96","177.46","701.49K","-0.01%"
"Jan 27, 2021","177.79","177.56","178.12","177.39","863.82K","0.15%"
"Jan 26, 2021","177.52","177.82","177.96","177.45","617.11K","-0.17%"
"Jan 25, 2021","177.83","177.13","177.88","177.12","675.95K","0.38%"
"Jan 22, 2021","177.16","176.76","177.27","176.63","643.50K","0.20%"
"Jan 21, 2021","176.80","177.41","177.56","176.74","860.43K","-0.37%"
"Jan 20, 2021","177.45","177.33","177.50","177.25","506.83K","0.03%"
"Jan 19, 2021","177.40","177.31","177.45","177.10","720.92K","0.02%"
"Jan 18, 2021","177.37","177.71","177.81","177.24","432.30K","-0.16%"
"Jan 15, 2021","177.66","177.65","177.94","177.50","547.66K","-0.10%"
"Jan 14, 2021","177.84","177.49","177.96","177.32","748.88K","0.27%"
"Jan 13, 2021","177.36","176.84","177.60","176.72","989.43K","0.52%"
"Jan 12, 2021","176.44","176.83","176.87","176.34","904.00K","-0.28%"
"Jan 11, 2021","176.93","177.28","177.55","176.84","739.76K","-0.21%"
"Jan 08, 2021","177.30","177.33","177.53","177.16","542.40K","0.03%"
"Jan 07, 2021","177.25","177.47","177.69","177.17","792.79K","-0.07%"
"Jan 06, 2021","177.37","177.85","177.85","177.02","842.16K","-0.30%"
"Jan 05, 2021","177.90","178.22","178.27","177.71","613.78K","-0.12%"
"Jan 04, 2021","178.12","177.78","178.37","177.52","695.84K","0.16%"
"Dec 31, 2020","177.84","177.84","177.84","177.84","-","0.11%"
"Dec 30, 2020","177.64","177.73","177.84","177.27","306.91K","-0.03%"
"Dec 29, 2020","177.70","177.60","177.75","177.52","265.00K","0.17%"
"Dec 28, 2020","177.39","177.35","177.77","177.17","195.97K","0.02%"
"Dec 24, 2020","177.36","177.36","177.36","177.36","-","0.16%"
"Dec 23, 2020","177.07","178.07","178.18","177.01","507.28K","-0.48%"
"Dec 22, 2020","177.93","177.70","178.09","177.63","344.00K","0.04%"
"Dec 21, 2020","177.86","177.83","178.44","177.61","520.42K","0.11%"
"Dec 18, 2020","177.66","177.74","177.85","177.28","416.57K","-0.02%"
"Dec 17, 2020","177.69","177.60","177.98","177.34","519.60K","0.08%"
"Dec 16, 2020","177.55","178.28","178.31","177.27","691.25K","-0.40%"
"Dec 15, 2020","178.27","178.37","178.57","178.17","440.33K","-0.08%"
"Dec 14, 2020","178.42","178.37","178.56","178.13","444.21K","-0.15%"
"Dec 11, 2020","178.68","178.27","178.77","178.17","561.97K","0.34%"
"Dec 10, 2020","178.08","178.30","178.55","177.77","704.19K","-0.06%"
"Dec 09, 2020","178.19","178.08","178.30","177.91","418.76K","1.57%"
"Dec 08, 2020","175.43","175.37","175.61","175.35","16.39K","0.01%"
"Dec 07, 2020","175.41","175.03","175.51","175.03","128.89K","0.34%"
"Dec 04, 2020","174.82","175.15","175.22","174.81","756.78K","-0.07%"
"Dec 03, 2020","174.94","174.63","175.18","174.56","1.33M","0.26%"
"Dec 02, 2020","174.48","174.56","174.69","174.37","1.14M","-0.05%"
"Dec 01, 2020","174.56","175.32","175.45","174.47","1.19M","-0.39%"
"Nov 30, 2020","175.25","175.63","175.72","175.21","744.76K","-0.14%"
"Nov 27, 2020","175.50","175.59","175.65","175.41","360.72K","-0.01%"
"Nov 26, 2020","175.51","175.18","175.59","175.16","333.13K","0.10%"
"Nov 25, 2020","175.33","175.10","175.46","174.96","507.15K","0.04%"
"Nov 24, 2020","175.26","175.37","175.47","175.12","520.86K","-0.09%"
"Nov 23, 2020","175.41","175.70","175.71","175.26","552.78K","-0.07%"
"Nov 20, 2020","175.53","175.45","175.73","175.25","512.29K","0.11%"
"Nov 19, 2020","175.33","175.20","175.41","175.10","521.65K","0.12%"
"Nov 18, 2020","175.12","175.28","175.46","174.91","526.04K","-0.03%"
"Nov 17, 2020","175.18","174.94","175.27","174.85","526.43K","0.14%"
"Nov 16, 2020","174.93","174.94","175.29","174.45","675.21K","-0.01%"
"Nov 13, 2020","174.94","174.91","175.17","174.78","512.60K","0.11%"
"Nov 12, 2020","174.74","174.42","174.97","174.26","665.82K","0.25%"
"Nov 11, 2020","174.30","174.01","174.50","173.66","653.88K","0.16%"
"Nov 10, 2020","174.02","174.54","174.63","173.92","994.34K","-0.19%"
"Nov 09, 2020","174.36","176.09","176.46","174.26","1.19M","-0.95%"
"Nov 06, 2020","176.03","176.42","176.49","175.86","591.31K","-0.17%"
"Nov 05, 2020","176.33","176.52","176.65","176.09","616.56K","-0.04%"
"Nov 04, 2020","176.40","175.71","176.83","175.53","787.73K","0.22%"
"Nov 03, 2020","176.02","176.29","176.37","175.82","584.73K","-0.12%"
"Nov 02, 2020","176.24","176.25","176.36","175.90","530.00K","0.05%"
"Oct 30, 2020","176.15","176.18","176.38","175.90","683.41K","-0.09%"
"Oct 29, 2020","176.31","176.03","176.44","175.92","698.75K","0.14%"
"Oct 28, 2020","176.07","176.08","176.43","175.95","793.21K","0.07%"
"Oct 27, 2020","175.94","175.45","176.06","175.27","590.38K","0.37%"
"Oct 26, 2020","175.30","175.50","175.73","175.10","573.12K","0.02%"
"Oct 23, 2020","175.26","175.20","175.52","175.00","551.14K","0.04%"
"Oct 22, 2020","175.19","175.54","175.73","175.17","613.67K","-0.30%"
"Oct 21, 2020","175.71","175.67","175.86","175.34","647.92K","-0.06%"
"Oct 20, 2020","175.81","176.10","176.24","175.66","585.02K","-0.17%"
"Oct 19, 2020","176.11","176.01","176.17","175.77","486.45K","0.02%"
"Oct 16, 2020","176.07","175.82","176.29","175.77","478.75K","0.10%"
"Oct 15, 2020","175.90","175.37","176.28","175.35","836.38K","0.31%"
"Oct 14, 2020","175.35","175.07","175.50","175.04","546.06K","0.17%"
"Oct 13, 2020","175.06","174.88","175.13","174.76","492.61K","0.14%"
"Oct 12, 2020","174.81","174.74","174.87","174.60","307.19K","0.07%"
"Oct 09, 2020","174.68","174.52","174.86","174.49","492.24K","0.11%"
"Oct 08, 2020","174.48","174.10","174.58","174.04","455.63K","0.20%"
"Oct 07, 2020","174.13","174.58","174.61","173.93","705.09K","-0.08%"
"Oct 06, 2020","174.27","174.18","174.65","174.15","664.92K","-0.09%"
"Oct 05, 2020","174.42","174.67","174.90","174.19","529.43K","-0.14%"
"Oct 02, 2020","174.66","174.61","174.97","174.60","526.39K","0.00%"
"Oct 01, 2020","174.66","174.50","174.71","174.17","715.32K","0.08%"
"Sep 30, 2020","174.52","174.81","174.95","174.34","714.17K","-0.20%"
"Sep 29, 2020","174.87","174.63","174.90","174.58","498.12K","0.14%"
"Sep 28, 2020","174.62","174.58","174.68","174.31","427.30K","-0.03%"
"Sep 25, 2020","174.67","174.27","174.70","174.16","472.17K","0.13%"
"Sep 24, 2020","174.44","174.43","174.72","174.22","557.16K","0.13%"
"Sep 23, 2020","174.21","174.38","174.64","174.19","574.54K","-0.09%"
"Sep 22, 2020","174.37","174.56","174.74","174.25","588.25K","-0.16%"
"Sep 21, 2020","174.65","174.08","174.85","173.95","608.20K","0.33%"
"Sep 18, 2020","174.07","174.07","174.43","173.93","438.52K","-0.11%"
"Sep 17, 2020","174.26","174.05","174.45","173.74","647.27K","0.20%"
"Sep 16, 2020","173.92","174.12","174.29","173.84","455.12K","-0.05%"
"Sep 15, 2020","174.00","174.05","174.15","173.78","472.41K","0.00%"
"Sep 14, 2020","174.00","174.02","174.32","173.91","433.07K","0.02%"
"Sep 11, 2020","173.96","173.66","174.04","173.54","462.19K","0.49%"
"Sep 10, 2020","173.11","173.61","173.91","173.06","665.07K","-0.33%"
"Sep 09, 2020","173.68","174.34","174.41","173.51","607.81K","-1.84%"
"Sep 08, 2020","176.93","176.52","176.94","176.42","14.26K","0.23%"
"Sep 07, 2020","176.52","176.47","176.86","176.19","133.13K","-0.15%"
"Sep 04, 2020","176.78","176.93","177.04","176.37","615.88K","-0.16%"
"Sep 03, 2020","177.07","176.74","177.18","176.49","1.29M","0.23%"
"Sep 02, 2020","176.67","176.12","176.82","176.00","1.14M","0.54%"
"Sep 01, 2020","175.72","175.46","176.18","175.17","947.62K","0.09%"
"Aug 31, 2020","175.56","175.63","175.78","175.22","629.22K","-0.07%"
"Aug 28, 2020","175.68","175.29","175.82","175.06","916.05K","0.14%"
"Aug 27, 2020","175.44","175.94","176.58","175.28","873.37K","-0.13%"
"Aug 26, 2020","175.66","176.00","176.04","175.47","733.62K","-0.13%"
"Aug 25, 2020","175.89","176.95","176.95","175.75","760.04K","-0.64%"
"Aug 24, 2020","177.02","177.21","177.25","176.73","461.45K","-0.05%"
"Aug 21, 2020","177.10","176.87","177.37","176.75","531.59K","0.08%"
"Aug 20, 2020","176.95","176.58","177.18","176.45","562.70K","0.22%"
"Aug 19, 2020","176.57","176.47","176.87","176.39","542.39K","0.08%"
"Aug 18, 2020","176.43","176.14","176.51","176.03","514.88K","0.12%"
"Aug 17, 2020","176.21","175.61","176.27","175.54","470.45K","0.26%"
"Aug 14, 2020","175.76","175.26","175.81","175.25","486.10K","0.11%"
"Aug 13, 2020","175.56","176.43","176.60","175.27","635.29K","-0.39%"
"Aug 12, 2020","176.24","176.86","176.88","175.93","642.98K","-0.24%"
"Aug 11, 2020","176.66","177.39","177.50","176.56","562.34K","-0.47%"
"Aug 10, 2020","177.50","177.16","177.64","176.89","366.17K","0.19%"
"Aug 07, 2020","177.17","177.38","177.67","177.07","394.37K","-0.24%"
"Aug 06, 2020","177.60","177.02","177.81","176.92","547.06K","0.28%"
"Aug 05, 2020","177.10","177.96","178.00","177.00","492.40K","-0.40%"
"Aug 04, 2020","177.81","177.31","178.01","177.19","454.20K","0.28%"
"Aug 03, 2020","177.31","177.44","177.48","177.03","380.28K","-0.12%"
"Jul 31, 2020","177.52","177.71","178.01","177.25","573.93K","-0.10%"
"Jul 30, 2020","177.69","177.00","177.80","176.92","531.23K","0.42%"
"Jul 29, 2020","176.95","177.15","177.29","176.83","431.54K","-0.10%"
"Jul 28, 2020","177.13","176.51","177.24","176.49","494.53K","0.19%"
"Jul 27, 2020","176.80","176.06","176.87","175.96","481.82K","0.40%"
"Jul 24, 2020","176.09","176.77","176.98","175.95","608.25K","-0.36%"
"Jul 23, 2020","176.72","176.79","176.89","176.59","404.14K","-0.12%"
"Jul 22, 2020","176.93","176.37","176.95","176.20","482.28K","0.32%"
"Jul 21, 2020","176.37","176.24","176.45","176.06","407.57K","0.00%"
"Jul 20, 2020","176.37","176.19","176.54","175.77","465.20K","0.06%"
"Jul 17, 2020","176.27","176.41","176.68","176.10","332.01K","-0.20%"
"Jul 16, 2020","176.62","176.17","176.74","176.07","472.60K","0.28%"
"Jul 15, 2020","176.12","176.03","176.47","175.92","538.08K","-0.05%"
"Jul 14, 2020","176.20","175.98","176.25","175.74","476.67K","0.32%"
"Jul 13, 2020","175.63","176.48","176.49","175.54","503.25K","-0.57%"
"Jul 10, 2020","176.63","176.41","176.92","176.34","476.77K","0.06%"
"Jul 09, 2020","176.52","176.01","176.61","175.96","443.34K","0.22%"
"Jul 08, 2020","176.13","176.11","176.37","176.02","435.17K","0.14%"
"Jul 07, 2020","175.88","176.07","176.30","175.72","413.70K","-0.05%"
"Jul 06, 2020","175.96","175.88","176.15","175.62","407.43K","-0.03%"
"Jul 03, 2020","176.02","175.98","176.24","175.85","244.23K","0.01%"
"Jul 02, 2020","176.01","175.19","176.06","175.04","628.12K","0.41%"
"Jul 01, 2020","175.29","176.15","176.20","175.20","550.71K","-0.70%"
"Jun 30, 2020","176.52","176.58","176.86","176.16","534.41K","-0.08%"
"Jun 29, 2020","176.66","176.75","176.86","176.35","350.34K","-0.02%"
"Jun 26, 2020","176.70","176.39","176.80","176.32","399.58K","0.08%"
"Jun 25, 2020","176.55","176.11","176.72","176.09","526.35K","0.31%"
"Jun 24, 2020","176.01","175.53","176.12","175.20","592.63K","0.23%"
"Jun 23, 2020","175.61","175.85","176.13","175.45","559.80K","-0.28%"
"Jun 22, 2020","176.11","175.74","176.37","175.60","440.63K","0.24%"
"Jun 19, 2020","175.68","175.61","175.79","175.30","383.64K","0.05%"
"Jun 18, 2020","175.59","175.28","175.76","175.16","548.60K","0.11%"
"Jun 17, 2020","175.40","175.34","175.63","174.80","596.32K","0.00%"
"Jun 16, 2020","175.40","175.22","175.58","174.90","592.82K","-0.07%"
"Jun 15, 2020","175.52","175.62","175.98","175.28","475.61K","-0.03%"
"Jun 12, 2020","175.57","175.25","175.60","174.90","513.63K","0.19%"
"Jun 11, 2020","175.24","174.28","175.34","174.12","598.11K","0.82%"
"Jun 10, 2020","173.81","173.47","174.18","173.25","644.91K","0.20%"
"Jun 09, 2020","173.46","173.61","174.02","173.30","646.57K","1.90%"
"Jun 08, 2020","170.22","170.13","170.27","169.88","11.88K","0.21%"
"Jun 05, 2020","169.86","170.55","170.70","169.66","183.51K","-0.40%"
"Jun 04, 2020","170.54","171.04","171.34","170.37","1.11M","-0.25%"
"Jun 03, 2020","170.97","171.66","171.87","170.86","1.45M","-0.52%"
"Jun 02, 2020","171.86","171.92","172.15","171.67","1.11M","0.12%"
"Jun 01, 2020","171.65","172.37","172.42","171.47","638.43K","-0.47%"
"May 29, 2020","172.46","172.15","172.57","172.00","810.34K","0.24%"
"May 28, 2020","172.05","171.82","172.32","171.68","637.25K","-0.01%"
"May 27, 2020","172.07","172.28","172.53","171.50","841.05K","-0.05%"
"May 26, 2020","172.16","173.11","173.16","172.01","705.34K","-0.52%"
"May 25, 2020","173.06","173.05","173.28","172.98","136.20K","-0.03%"
"May 22, 2020","173.12","173.11","173.52","172.93","460.08K","-0.02%"
"May 21, 2020","173.15","172.89","173.27","172.66","432.62K","0.25%"
"May 20, 2020","172.72","172.76","172.97","172.51","547.62K","0.01%"
"May 19, 2020","172.70","172.82","173.11","172.26","685.90K","-0.27%"
"May 18, 2020","173.16","173.75","174.09","172.61","678.10K","-0.33%"
"May 15, 2020","173.74","173.62","174.23","173.59","471.06K","0.05%"
"May 14, 2020","173.65","173.56","174.08","173.50","540.23K","0.01%"
"May 13, 2020","173.63","173.55","173.92","173.41","550.62K","0.15%"
"May 12, 2020","173.37","173.18","173.49","172.80","616.39K","-0.09%"
"May 11, 2020","173.53","173.47","173.74","173.13","445.98K","-0.14%"
"May 08, 2020","173.77","173.87","174.24","173.52","302.21K","-0.07%"
"May 07, 2020","173.89","173.49","174.08","172.89","652.67K","0.34%"
"May 06, 2020","173.30","174.15","174.23","173.19","599.62K","-0.64%"
"May 05, 2020","174.41","174.13","174.55","173.42","642.96K","0.21%"
"May 04, 2020","174.04","174.37","174.69","173.77","497.88K","-0.22%"
"Apr 30, 2020","174.43","172.95","174.57","172.94","780.39K","0.79%"
"Apr 29, 2020","173.06","172.75","173.28","172.58","531.31K","0.18%"
"Apr 28, 2020","172.75","172.40","172.84","172.09","423.81K","0.17%"
"Apr 27, 2020","172.45","172.68","172.91","172.23","392.52K","-0.18%"
"Apr 24, 2020","172.76","172.38","172.87","172.27","417.98K","0.38%"
"Apr 23, 2020","172.10","171.85","172.48","171.29","571.17K","0.06%"
"Apr 22, 2020","172.00","172.71","172.95","171.67","517.77K","-0.53%"
"Apr 21, 2020","172.91","172.54","173.26","172.45","528.25K","0.29%"
"Apr 20, 2020","172.41","172.65","173.01","172.19","392.72K","-0.25%"
"Apr 17, 2020","172.85","172.44","172.89","172.17","299.09K","0.10%"
"Apr 16, 2020","172.67","172.43","172.90","172.04","459.93K","-0.01%"
"Apr 15, 2020","172.68","171.42","172.78","171.36","532.34K","0.66%"
"Apr 14, 2020","171.54","170.47","171.71","170.28","274.44K","0.37%"
"Apr 09, 2020","170.90","170.12","171.09","170.01","455.32K","0.26%"
"Apr 08, 2020","170.46","170.79","171.31","170.00","620.31K","-0.02%"
"Apr 07, 2020","170.49","171.81","171.90","170.24","567.35K","-0.77%"
"Apr 06, 2020","171.82","171.85","172.05","171.42","320.31K","-0.14%"
"Apr 03, 2020","172.06","171.96","172.44","171.80","391.64K","0.08%"
"Apr 02, 2020","171.92","172.56","172.60","171.60","540.02K","-0.38%"
"Apr 01, 2020","172.57","172.70","173.48","172.23","483.25K","0.03%"
"Mar 31, 2020","172.51","172.84","173.16","172.33","508.92K","-0.63%"
"Mar 30, 2020","173.60","172.94","173.83","172.62","427.48K","0.60%"
"Mar 27, 2020","172.56","170.95","173.07","170.90","560.94K","0.87%"
"Mar 26, 2020","171.07","169.69","171.35","169.69","545.09K","0.85%"
"Mar 25, 2020","169.62","170.50","170.78","169.34","464.92K","-0.38%"
"Mar 24, 2020","170.27","171.13","171.38","170.19","454.21K","-0.50%"
"Mar 23, 2020","171.12","170.69","171.54","170.22","496.86K","0.41%"
"Mar 20, 2020","170.42","168.53","170.84","168.52","543.20K","1.48%"
"Mar 19, 2020","167.94","170.01","171.18","167.52","813.15K","-0.50%"
"Mar 18, 2020","168.79","171.39","171.39","168.24","879.20K","-1.83%"
"Mar 17, 2020","171.93","172.00","172.47","170.90","773.97K","-0.14%"
"Mar 16, 2020","172.17","174.60","175.25","171.97","623.39K","-1.15%"
"Mar 13, 2020","174.17","176.32","176.57","173.12","1.01M","-1.32%"
"Mar 12, 2020","176.50","176.81","177.64","175.90","1.01M","-0.15%"
"Mar 11, 2020","176.77","177.07","177.91","176.55","1.01M","-0.46%"
"Mar 10, 2020","177.59","177.55","177.91","175.41","1.28M","-0.36%"
"Mar 09, 2020","178.23","177.21","179.31","177.05","994.79K","-0.67%"
"Mar 06, 2020","179.44","179.02","179.56","179.00","12.75K","0.48%"
"Mar 05, 2020","178.59","177.55","178.90","177.50","167.78K","0.39%"
"Mar 04, 2020","177.90","178.23","178.36","177.46","1.17M","0.09%"
"Mar 03, 2020","177.74","177.41","178.25","176.83","1.84M","-0.05%"
"Mar 02, 2020","177.83","177.82","178.38","177.00","1.98M","0.21%"
"Feb 28, 2020","177.46","176.52","177.79","176.52","1.46M","0.50%"
"Feb 27, 2020","176.58","175.99","176.89","175.86","1.34M","0.43%"
"Feb 26, 2020","175.83","175.88","176.30","175.38","1.41M","-0.11%"
"Feb 25, 2020","176.02","175.37","176.21","175.21","1.13M","0.25%"
"Feb 24, 2020","175.58","175.39","175.86","175.13","1.26M","0.37%"
"Feb 21, 2020","174.93","174.98","175.37","174.77","955.61K","-0.02%"
"Feb 20, 2020","174.96","174.55","175.12","174.51","869.93K","0.17%"
"Feb 19, 2020","174.66","174.41","174.74","174.28","635.29K","0.07%"
"Feb 18, 2020","174.53","174.51","174.92","174.29","761.81K","0.05%"
"Feb 17, 2020","174.45","174.35","174.52","174.08","264.96K","-0.02%"
"Feb 14, 2020","174.48","174.29","174.59","174.10","470.47K","0.12%"
"Feb 13, 2020","174.27","174.16","174.64","174.05","879.84K","0.14%"
"Feb 12, 2020","174.02","174.17","174.20","173.72","737.95K","-0.14%"
"Feb 11, 2020","174.26","174.48","174.55","174.13","766.47K","-0.18%"
"Feb 10, 2020","174.57","174.33","174.69","174.01","500.71K","0.22%"
"Feb 07, 2020","174.18","173.87","174.42","173.84","725.07K","0.21%"
"Feb 06, 2020","173.82","173.71","173.96","173.42","762.86K","-0.06%"
"Feb 05, 2020","173.92","174.33","174.63","173.65","947.84K","-0.35%"
"Feb 04, 2020","174.53","175.06","175.07","174.25","837.83K","-0.20%"
"Feb 03, 2020","174.88","175.10","175.14","174.62","692.50K","-0.09%"
"Jan 31, 2020","175.04","174.29","175.30","174.16","763.63K","0.27%"
"Jan 30, 2020","174.57","174.23","174.65","174.23","761.98K","0.29%"
"Jan 29, 2020","174.06","173.66","174.28","173.41","628.56K","0.22%"
"Jan 28, 2020","173.68","174.11","174.48","173.48","885.02K","-0.32%"
"Jan 27, 2020","174.23","173.75","174.27","173.41","892.31K","0.55%"
"Jan 24, 2020","173.28","172.82","173.54","172.60","812.60K","0.14%"
"Jan 23, 2020","173.03","172.41","173.09","172.35","765.00K","0.41%"
"Jan 22, 2020","172.33","172.04","172.50","171.91","584.94K","0.07%"
"Jan 21, 2020","172.21","171.75","172.27","171.55","752.51K","0.31%"
"Jan 20, 2020","171.67","171.76","171.76","171.52","233.91K","0.03%"
"Jan 17, 2020","171.61","171.66","171.82","171.46","484.60K","-0.06%"
"Jan 16, 2020","171.72","171.62","171.80","171.35","637.67K","0.15%"
"Jan 15, 2020","171.46","171.05","171.72","171.01","672.85K","0.26%"
"Jan 14, 2020","171.01","170.74","171.08","170.65","694.22K","0.15%"
"Jan 13, 2020","170.76","171.36","171.43","170.71","611.44K","-0.34%"
"Jan 10, 2020","171.35","171.31","171.43","170.85","555.74K","0.12%"
"Jan 09, 2020","171.14","171.31","171.51","171.01","732.94K","-0.37%"
"Jan 08, 2020","171.78","172.50","173.22","171.26","825.68K","-0.20%"
"Jan 07, 2020","172.12","172.21","172.31","171.91","582.59K","-0.07%"
"Jan 06, 2020","172.24","172.45","172.60","172.07","496.41K","0.07%"
"Jan 03, 2020","172.12","171.10","172.38","171.10","528.22K","0.50%"
"Jan 02, 2020","171.26","170.54","171.42","170.19","509.18K","0.45%"
"Dec 30, 2019","170.49","171.58","171.68","170.42","360.68K","-0.65%"
"Dec 27, 2019","171.61","171.69","171.79","171.42","168.14K","0.11%"
"Dec 23, 2019","171.43","171.56","171.88","171.30","193.93K","-0.06%"
"Dec 20, 2019","171.54","171.26","171.63","171.06","304.51K","0.15%"
"Dec 19, 2019","171.28","171.60","171.66","170.90","562.47K","-0.12%"
"Dec 18, 2019","171.48","172.11","172.40","171.35","485.08K","-0.38%"
"Dec 17, 2019","172.13","172.03","172.29","171.96","417.67K","0.12%"
"Dec 16, 2019","171.92","172.16","172.43","171.80","511.32K","-0.10%"
"Dec 13, 2019","172.10","171.23","172.31","170.75","729.47K","0.20%"
"Dec 12, 2019","171.75","172.70","172.99","171.61","665.98K","-0.51%"
"Dec 11, 2019","172.63","172.31","172.88","172.17","431.70K","0.23%"
"Dec 10, 2019","172.23","172.34","172.45","172.07","488.02K","-0.08%"
"Dec 09, 2019","172.37","172.10","172.59","172.02","374.59K","1.08%"
"Dec 06, 2019","170.53","170.37","170.53","170.18","12.90K","0.12%"
"Dec 05, 2019","170.32","170.70","170.84","170.06","147.38K","-0.22%"
"Dec 04, 2019","170.70","171.06","171.31","170.56","966.54K","-0.20%"
"Dec 03, 2019","171.04","170.02","171.14","169.74","1.65M","0.66%"
"Dec 02, 2019","169.92","170.99","171.00","169.85","1.68M","-0.67%"
"Nov 29, 2019","171.07","171.29","171.40","170.91","884.11K","-0.11%"
"Nov 28, 2019","171.26","171.42","171.60","171.16","486.68K","-0.05%"
"Nov 27, 2019","171.35","171.30","171.52","171.13","639.29K","-0.06%"
"Nov 26, 2019","171.45","171.04","171.49","170.88","497.72K","0.21%"
"Nov 25, 2019","171.09","171.15","171.24","170.94","473.06K","-0.09%"
"Nov 22, 2019","171.24","170.65","171.27","170.31","687.67K","0.29%"
"Nov 21, 2019","170.75","171.24","171.35","170.56","686.08K","-0.20%"
"Nov 20, 2019","171.09","171.00","171.56","170.95","703.99K","0.11%"
"Nov 19, 2019","170.91","170.84","171.00","170.66","448.05K","0.04%"
"Nov 18, 2019","170.84","170.89","171.06","170.55","481.34K","-0.01%"
"Nov 15, 2019","170.85","170.92","171.05","170.65","413.78K","-0.08%"
"Nov 14, 2019","170.99","170.26","171.15","170.26","620.54K","0.37%"
"Nov 13, 2019","170.36","169.75","170.45","169.67","703.02K","0.48%"
"Nov 12, 2019","169.54","169.67","169.83","169.26","576.49K","-0.01%"
"Nov 11, 2019","169.56","169.64","169.99","169.46","350.12K","-0.08%"
"Nov 08, 2019","169.69","169.40","169.89","169.12","693.21K","0.07%"
"Nov 07, 2019","169.57","170.87","170.97","169.17","1.14M","-0.64%"
"Nov 06, 2019","170.67","170.45","170.94","170.22","567.25K","0.08%"
"Nov 05, 2019","170.53","170.90","170.95","170.30","736.20K","-0.27%"
"Nov 04, 2019","170.99","171.47","171.47","170.91","449.13K","-0.25%"
"Nov 01, 2019","171.42","171.84","171.99","171.35","485.30K","-0.20%"
"Oct 31, 2019","171.76","171.24","172.03","171.17","723.72K","0.41%"
"Oct 30, 2019","171.06","171.05","171.36","170.79","520.84K","0.01%"
"Oct 29, 2019","171.04","170.68","171.14","170.60","507.31K","0.20%"
"Oct 28, 2019","170.70","171.26","171.35","170.56","569.51K","-0.38%"
"Oct 25, 2019","171.35","171.67","171.80","171.12","480.14K","-0.28%"
"Oct 24, 2019","171.83","171.55","171.96","171.16","705.59K","0.09%"
"Oct 23, 2019","171.67","171.68","171.93","171.44","490.85K","0.15%"
"Oct 22, 2019","171.42","170.88","171.73","170.76","533.81K","0.31%"
"Oct 21, 2019","170.89","171.45","171.46","170.78","432.61K","-0.35%"
"Oct 18, 2019","171.49","171.73","171.88","171.24","441.62K","-0.13%"
"Oct 17, 2019","171.72","171.64","171.93","170.73","845.84K","0.08%"
"Oct 16, 2019","171.58","171.72","172.29","171.37","884.39K","-0.18%"
"Oct 15, 2019","171.89","172.57","172.82","171.63","742.15K","-0.40%"
"Oct 14, 2019","172.58","172.38","172.94","172.32","405.05K","0.11%"
"Oct 11, 2019","172.39","172.67","173.15","172.08","951.59K","-0.35%"
"Oct 10, 2019","173.00","174.06","174.14","172.57","793.96K","-0.60%"
"Oct 09, 2019","174.05","174.52","174.56","173.85","481.56K","-0.35%"
"Oct 08, 2019","174.67","174.24","174.69","173.86","556.10K","0.21%"
"Oct 07, 2019","174.31","174.54","174.72","174.17","337.41K","-0.10%"
"Oct 04, 2019","174.49","174.53","174.75","174.33","429.51K","0.02%"
"Oct 03, 2019","174.46","173.88","174.78","173.88","618.53K","0.39%"
"Oct 02, 2019","173.79","173.86","174.04","173.60","612.93K","-0.24%"
"Oct 01, 2019","174.20","174.23","174.25","173.31","848.64K","-0.03%"
"Sep 30, 2019","174.25","174.35","174.36","173.77","531.34K","0.02%"
"Sep 27, 2019","174.21","174.35","174.54","174.05","451.67K","-0.06%"
"Sep 26, 2019","174.32","174.11","174.46","174.03","523.32K","-0.02%"
"Sep 25, 2019","174.36","174.88","174.97","173.93","692.84K","-0.21%"
"Sep 24, 2019","174.73","174.19","174.88","174.03","576.51K","0.11%"
"Sep 23, 2019","174.54","173.60","174.64","173.29","683.11K","0.62%"
"Sep 20, 2019","173.47","173.32","173.84","173.23","475.45K","0.10%"
"Sep 19, 2019","173.30","173.07","173.40","172.86","531.38K","-0.04%"
"Sep 18, 2019","173.37","172.87","173.48","172.65","505.36K","0.29%"
"Sep 17, 2019","172.87","172.99","173.16","172.67","581.50K","-0.06%"
"Sep 16, 2019","172.98","172.51","173.13","172.40","600.07K","0.31%"
"Sep 13, 2019","172.44","173.52","173.63","172.18","949.71K","-0.86%"
"Sep 12, 2019","173.93","174.03","175.62","173.23","1.24M","-0.18%"
"Sep 11, 2019","174.24","173.80","174.38","173.65","619.52K","0.15%"
"Sep 10, 2019","173.98","174.31","174.52","173.75","711.97K","-0.15%"
"Sep 09, 2019","174.24","175.21","175.30","174.19","645.23K","-1.95%"
"Sep 06, 2019","177.70","177.35","177.78","177.09","8.21K","0.22%"
"Sep 05, 2019","177.31","178.57","178.57","176.97","225.60K","-0.68%"
"Sep 04, 2019","178.52","178.97","179.00","177.98","972.35K","-0.45%"
"Sep 03, 2019","179.32","178.89","179.67","178.81","1.61M","0.20%"
"Sep 02, 2019","178.96","179.18","179.20","178.60","608.73K","-0.08%"
"Aug 30, 2019","179.10","178.91","179.27","178.63","721.96K","0.09%"
"Aug 29, 2019","178.94","179.20","179.36","178.57","734.95K","-0.20%"
"Aug 28, 2019","179.30","179.00","179.46","178.88","709.33K","0.20%"
"Aug 27, 2019","178.94","178.51","179.07","178.45","518.17K","0.24%"
"Aug 26, 2019","178.52","179.08","179.21","178.22","448.01K","-0.01%"
"Aug 23, 2019","178.54","178.01","178.83","177.48","648.61K","0.28%"
"Aug 22, 2019","178.04","178.73","178.94","177.65","886.66K","-0.36%"
"Aug 21, 2019","178.68","178.76","178.83","178.19","545.22K","-0.12%"
"Aug 20, 2019","178.90","178.19","179.19","178.19","638.04K","0.42%"
"Aug 19, 2019","178.15","178.72","178.84","177.82","738.53K","-0.25%"
"Aug 16, 2019","178.60","179.39","179.58","178.14","739.02K","-0.26%"
"Aug 15, 2019","179.06","178.40","179.66","178.18","885.06K","0.42%"
"Aug 14, 2019","178.31","177.71","178.49","177.62","638.59K","0.35%"
"Aug 13, 2019","177.68","177.50","177.84","177.31","579.11K","0.14%"
"Aug 12, 2019","177.44","177.15","177.68","177.03","340.32K","0.16%"
"Aug 09, 2019","177.16","177.50","177.55","176.96","535.28K","0.13%"
"Aug 08, 2019","176.93","177.00","177.42","176.38","851.12K","-0.24%"
"Aug 07, 2019","177.36","176.75","177.74","176.72","801.06K","0.44%"
"Aug 06, 2019","176.58","176.61","176.74","176.12","538.52K","0.20%"
"Aug 05, 2019","176.22","175.98","176.63","175.93","588.13K","0.23%"
"Aug 02, 2019","175.82","175.72","176.10","175.62","864.96K","0.22%"
"Aug 01, 2019","175.44","175.03","175.88","174.73","728.99K","0.21%"
"Jul 31, 2019","175.07","174.61","175.28","174.52","594.05K","0.30%"
"Jul 30, 2019","174.55","174.43","174.65","174.36","402.73K","0.05%"
"Jul 29, 2019","174.46","174.32","174.57","174.27","390.38K","0.14%"
"Jul 26, 2019","174.21","174.25","174.30","173.92","407.41K","0.11%"
"Jul 25, 2019","174.01","174.26","174.92","173.49","985.68K","-0.17%"
"Jul 24, 2019","174.30","173.78","174.51","173.74","600.27K","0.22%"
"Jul 23, 2019","173.91","173.61","173.97","173.56","397.22K","0.07%"
"Jul 22, 2019","173.78","173.39","173.79","173.29","408.71K","0.22%"
"Jul 19, 2019","173.39","173.47","173.57","173.27","436.42K","0.08%"
"Jul 18, 2019","173.25","173.12","173.63","173.02","629.37K","0.19%"
"Jul 17, 2019","172.93","172.47","173.13","172.44","528.06K","0.34%"
"Jul 16, 2019","172.34","172.33","172.68","172.16","580.06K","0.01%"
"Jul 15, 2019","172.33","171.74","172.42","171.49","502.40K","0.38%"
"Jul 12, 2019","171.68","171.55","171.88","171.25","766.69K","-0.08%"
"Jul 11, 2019","171.82","172.54","172.73","171.50","812.40K","-0.40%"
"Jul 10, 2019","172.51","173.05","173.08","172.02","1.09M","-0.40%"
"Jul 09, 2019","173.21","173.35","173.46","173.04","565.77K","-0.17%"
"Jul 08, 2019","173.51","173.41","173.70","173.29","512.17K","0.19%"
"Jul 05, 2019","173.18","173.94","173.96","172.99","709.22K","-0.39%"
"Jul 04, 2019","173.85","173.72","174.05","173.61","483.44K","0.10%"
"Jul 03, 2019","173.67","173.59","173.90","173.53","653.58K","0.18%"
"Jul 02, 2019","173.35","173.30","173.50","172.97","603.38K","0.03%"
"Jul 01, 2019","173.30","172.57","173.33","172.47","622.88K","0.32%"
"Jun 28, 2019","172.74","172.67","172.84","172.46","487.24K","0.07%"
"Jun 27, 2019","172.62","172.36","172.77","171.92","700.99K","0.07%"
"Jun 26, 2019","172.50","172.76","172.82","172.26","647.74K","-0.22%"
"Jun 25, 2019","172.88","172.45","172.91","172.45","578.80K","0.24%"
"Jun 24, 2019","172.47","172.02","172.59","172.02","463.68K","0.23%"
"Jun 21, 2019","172.07","172.55","172.65","171.95","712.32K","-0.33%"
"Jun 20, 2019","172.64","172.59","172.70","172.41","667.62K","0.28%"
"Jun 19, 2019","172.16","172.67","172.72","172.09","713.17K","-0.40%"
"Jun 18, 2019","172.86","171.54","172.88","171.51","1.00M","0.76%"
"Jun 17, 2019","171.56","171.71","171.75","171.42","479.35K","-0.13%"
"Jun 14, 2019","171.78","171.63","171.99","171.59","586.20K","0.14%"
"Jun 13, 2019","171.54","171.45","171.69","171.39","507.65K","0.03%"
"Jun 12, 2019","171.48","171.38","171.62","171.32","565.27K","0.07%"
"Jun 11, 2019","171.36","171.11","171.42","170.98","540.20K","0.15%"
"Jun 10, 2019","171.11","171.55","171.66","171.06","488.85K","-0.36%"
"Jun 07, 2019","171.72","171.30","171.80","171.25","674.79K","1.64%"
"Jun 06, 2019","168.95","168.72","169.01","168.70","25.35K","0.16%"
"Jun 05, 2019","168.68","168.50","168.84","168.38","231.63K","0.13%"
"Jun 04, 2019","168.46","168.48","168.68","168.39","1.45M","0.05%"
"Jun 03, 2019","168.37","168.59","168.69","168.33","1.70M","0.02%"
"May 31, 2019","168.34","168.33","168.63","168.30","1.33M","0.20%"
"May 30, 2019","168.00","167.84","168.21","167.72","730.32K","-0.01%"
"May 29, 2019","168.02","167.91","168.13","167.85","838.69K","0.13%"
"May 28, 2019","167.80","167.55","167.93","167.52","944.51K","0.10%"
"May 27, 2019","167.64","167.35","167.69","167.18","260.21K","0.24%"
"May 24, 2019","167.24","167.28","167.33","167.10","524.82K","0.01%"
"May 23, 2019","167.22","166.91","167.40","166.86","784.24K","0.30%"
"May 22, 2019","166.72","166.52","166.90","166.44","681.34K","0.14%"
"May 21, 2019","166.49","166.74","166.90","166.33","772.87K","-0.18%"
"May 20, 2019","166.79","166.98","167.07","166.63","551.28K","-0.16%"
"May 17, 2019","167.06","167.04","167.41","166.86","626.13K","0.07%"
"May 16, 2019","166.95","167.06","167.27","166.78","793.12K","0.01%"
"May 15, 2019","166.94","166.66","167.43","166.57","963.28K","0.21%"
"May 14, 2019","166.59","166.51","166.72","166.31","583.82K","0.04%"
"May 13, 2019","166.52","166.33","166.61","166.10","581.37K","0.16%"
"May 10, 2019","166.25","166.12","166.40","165.94","617.04K","-0.01%"
"May 09, 2019","166.26","166.14","166.54","166.10","713.53K","0.04%"
"May 08, 2019","166.20","166.06","166.47","165.92","807.47K","0.07%"
"May 07, 2019","166.08","165.59","166.18","165.24","825.20K","0.39%"
"May 06, 2019","165.44","165.51","165.86","165.31","324.79K","0.11%"
"May 03, 2019","165.26","165.12","165.45","164.82","599.61K","0.01%"
"May 02, 2019","165.24","165.16","165.48","164.97","772.20K","-0.04%"
"Apr 30, 2019","165.31","165.48","165.69","164.84","938.72K","-0.14%"
"Apr 29, 2019","165.55","165.80","165.84","165.33","523.12K","-0.16%"
"Apr 26, 2019","165.82","165.77","165.92","165.55","503.15K","0.08%"
"Apr 25, 2019","165.69","165.70","165.80","165.56","533.57K","-0.02%"
"Apr 24, 2019","165.73","164.99","165.78","164.96","717.03K","0.48%"
"Apr 23, 2019","164.94","165.01","165.13","164.71","557.09K","-0.11%"
"Apr 19, 2019","165.12","165.12","165.12","165.12","-","-0.06%"
"Apr 18, 2019","165.22","164.42","165.27","164.33","768.22K","0.56%"
"Apr 17, 2019","164.30","164.50","164.59","164.06","679.00K","-0.18%"
"Apr 16, 2019","164.60","164.65","164.94","164.39","661.54K","-0.04%"
"Apr 15, 2019","164.66","164.59","164.76","164.33","650.83K","0.02%"
"Apr 12, 2019","164.62","165.64","165.79","164.56","951.27K","-0.58%"
"Apr 11, 2019","165.58","165.82","165.87","165.51","510.18K","-0.19%"
"Apr 10, 2019","165.89","165.54","166.00","165.40","583.76K","0.25%"
"Apr 09, 2019","165.48","165.29","165.64","165.11","543.18K","0.07%"
"Apr 08, 2019","165.36","165.38","165.55","165.14","358.59K","0.00%"
"Apr 05, 2019","165.36","165.35","165.52","165.07","552.26K","-0.10%"
"Apr 04, 2019","165.52","165.28","165.66","165.19","596.19K","0.07%"
"Apr 03, 2019","165.40","165.93","166.00","165.18","820.78K","-0.43%"
"Apr 02, 2019","166.11","165.70","166.17","165.70","563.23K","0.27%"
"Apr 01, 2019","165.67","166.21","166.21","165.60","730.96K","-0.40%"
"Mar 29, 2019","166.34","166.26","166.42","166.02","695.14K","-0.03%"
"Mar 28, 2019","166.39","166.54","166.75","166.21","755.69K","-0.12%"
"Mar 27, 2019","166.59","165.79","166.70","165.68","1.07M","0.61%"
"Mar 26, 2019","165.58","165.79","165.83","165.45","600.79K","-0.05%"
"Mar 25, 2019","165.66","165.58","165.97","165.34","623.21K","-0.05%"
"Mar 22, 2019","165.74","164.65","165.86","164.62","1.01M","0.54%"
"Mar 21, 2019","164.85","164.39","164.93","164.32","725.54K","0.37%"
"Mar 20, 2019","164.25","163.89","164.53","163.84","566.59K","0.18%"
"Mar 19, 2019","163.96","164.22","164.35","163.63","727.89K","-0.19%"
"Mar 18, 2019","164.27","164.22","164.36","163.96","454.40K","0.08%"
"Mar 15, 2019","164.14","164.22","164.45","163.94","560.01K","0.01%"
"Mar 14, 2019","164.13","164.21","164.45","164.07","542.78K","-0.21%"
"Mar 13, 2019","164.47","164.56","164.68","164.18","459.08K","-0.04%"
"Mar 12, 2019","164.54","164.25","164.74","163.92","733.72K","0.01%"
"Mar 11, 2019","164.53","164.61","164.62","164.32","509.73K","0.09%"
"Mar 08, 2019","164.39","164.44","164.74","164.31","804.48K","-1.11%"
"Mar 07, 2019","166.24","166.15","166.28","166.03","15.40K","0.08%"
"Mar 06, 2019","166.11","165.80","166.29","165.63","335.51K","0.36%"
"Mar 05, 2019","165.52","165.67","165.79","165.26","1.42M","-0.04%"
"Mar 04, 2019","165.59","165.19","165.71","165.01","1.38M","0.22%"
"Mar 01, 2019","165.22","165.33","165.38","164.97","1.04M","-0.05%"
"Feb 28, 2019","165.31","165.71","165.97","165.15","997.60K","-0.22%"
"Feb 27, 2019","165.68","166.35","166.48","165.56","1.04M","-0.35%"
"Feb 26, 2019","166.27","166.50","166.66","166.16","731.37K","-0.08%"
"Feb 25, 2019","166.40","166.56","166.62","166.20","530.95K","-0.13%"
"Feb 22, 2019","166.62","166.17","166.72","166.11","514.63K","0.33%"
"Feb 21, 2019","166.07","166.60","166.67","165.85","983.25K","-0.26%"
"Feb 20, 2019","166.51","166.45","166.69","166.35","492.43K","0.05%"
"Feb 19, 2019","166.42","166.42","166.75","166.27","654.66K","0.04%"
"Feb 18, 2019","166.36","166.53","166.55","166.28","238.96K","-0.07%"
"Feb 15, 2019","166.47","166.55","166.64","166.28","474.92K","-0.04%"
"Feb 14, 2019","166.54","166.22","166.73","166.02","628.47K","0.25%"
"Feb 13, 2019","166.12","166.00","166.24","165.86","531.26K","0.06%"
"Feb 12, 2019","166.02","166.26","166.26","165.84","634.42K","-0.20%"
"Feb 11, 2019","166.35","166.68","166.73","166.15","602.03K","-0.24%"
"Feb 08, 2019","166.75","166.39","166.83","166.26","635.90K","0.23%"
"Feb 07, 2019","166.36","165.59","166.45","165.52","896.17K","0.51%"
"Feb 06, 2019","165.51","165.42","165.68","165.37","491.94K","0.01%"
"Feb 05, 2019","165.49","165.40","165.52","164.93","623.60K","0.13%"
"Feb 04, 2019","165.28","165.61","165.64","165.22","418.54K","-0.13%"
"Feb 01, 2019","165.50","165.73","165.77","165.43","711.77K","-0.10%"
"Jan 31, 2019","165.67","165.52","165.87","165.30","801.43K","0.30%"
"Jan 30, 2019","165.18","165.24","165.53","164.99","571.07K","0.06%"
"Jan 29, 2019","165.08","164.94","165.28","164.85","566.21K","0.10%"
"Jan 28, 2019","164.91","165.19","165.30","164.69","647.82K","-0.10%"
"Jan 25, 2019","165.07","165.35","165.43","164.96","603.23K","-0.15%"
"Jan 24, 2019","165.32","164.72","165.54","164.59","890.97K","0.46%"
"Jan 23, 2019","164.57","164.65","164.77","164.34","600.56K","0.06%"
"Jan 22, 2019","164.47","164.25","164.75","164.12","608.30K","0.21%"
"Jan 21, 2019","164.13","164.20","164.30","164.04","272.11K","0.04%"
"Jan 18, 2019","164.07","164.28","164.34","163.84","712.27K","-0.14%"
"Jan 17, 2019","164.30","164.72","164.89","164.23","566.68K","-0.18%"
"Jan 16, 2019","164.59","164.80","164.90","164.36","638.53K","-0.18%"
"Jan 15, 2019","164.89","164.62","164.98","164.38","706.55K","0.19%"
"Jan 14, 2019","164.57","164.51","164.88","164.43","540.34K","0.10%"
"Jan 11, 2019","164.41","164.25","164.64","164.16","563.19K","0.12%"
"Jan 10, 2019","164.21","163.93","164.38","163.93","647.11K","0.15%"
"Jan 09, 2019","163.96","163.71","164.11","163.48","656.38K","0.13%"
"Jan 08, 2019","163.74","163.76","163.90","163.50","658.67K","-0.13%"
"Jan 07, 2019","163.96","163.93","164.32","163.76","541.36K","-0.01%"
"Jan 04, 2019","163.97","165.01","165.04","163.88","649.42K","-0.52%"
"Jan 03, 2019","164.82","164.91","165.10","164.38","683.68K","0.11%"
"Jan 02, 2019","164.64","163.70","164.94","163.58","713.33K","0.67%"
"Dec 28, 2018","163.54","163.64","163.76","163.42","335.36K","-0.12%"
"Dec 27, 2018","163.73","163.18","163.79","163.15","334.72K","0.23%"
"Dec 21, 2018","163.36","163.54","163.54","163.27","385.74K","-0.12%"
"Dec 20, 2018","163.56","163.74","164.01","163.41","696.50K","0.11%"
"Dec 19, 2018","163.38","163.48","163.85","163.24","543.11K","0.02%"
"Dec 18, 2018","163.34","163.29","163.55","163.22","482.97K","0.12%"
"Dec 17, 2018","163.14","163.28","163.30","162.96","398.43K","-0.04%"
"Dec 14, 2018","163.20","162.89","163.30","162.81","554.18K","0.20%"
"Dec 13, 2018","162.87","162.77","163.14","162.51","806.93K","-0.07%"
"Dec 12, 2018","162.98","163.35","163.53","162.60","708.40K","-0.31%"
"Dec 11, 2018","163.48","163.24","163.59","162.83","741.27K","0.05%"
"Dec 10, 2018","163.40","163.49","163.64","162.98","671.10K","0.14%"
"Dec 07, 2018","163.17","163.23","163.46","162.93","619.94K","0.49%"
"Dec 06, 2018","162.38","162.30","162.48","162.12","25.10K","0.24%"
"Dec 05, 2018","161.99","162.28","162.45","161.97","439.47K","-0.06%"
"Dec 04, 2018","162.09","161.91","162.43","161.61","1.92M","0.37%"
"Dec 03, 2018","161.50","161.01","161.70","161.01","1.61M","-0.02%"
"Nov 30, 2018","161.54","161.31","161.58","161.27","849.02K","0.08%"
"Nov 29, 2018","161.41","161.00","161.42","160.98","852.04K","0.32%"
"Nov 28, 2018","160.90","161.00","161.18","160.83","880.82K","-0.07%"
"Nov 27, 2018","161.02","160.90","161.21","160.82","649.68K","0.17%"
"Nov 26, 2018","160.74","160.93","160.99","160.64","628.25K","-0.22%"
"Nov 23, 2018","161.10","160.65","161.19","160.51","649.26K","0.29%"
"Nov 22, 2018","160.63","160.70","160.87","160.53","436.79K","0.03%"
"Nov 21, 2018","160.58","160.71","160.78","160.48","627.43K","-0.19%"
"Nov 20, 2018","160.89","160.64","161.04","160.54","777.05K","0.18%"
"Nov 19, 2018","160.60","160.73","160.73","160.24","613.08K","-0.03%"
"Nov 16, 2018","160.65","160.54","160.76","160.54","590.15K","-0.10%"
"Nov 15, 2018","160.81","160.14","160.92","160.07","1.05M","0.42%"
"Nov 14, 2018","160.14","160.36","160.47","159.96","709.58K","0.04%"
"Nov 13, 2018","160.08","160.19","160.42","159.98","777.66K","-0.13%"
"Nov 12, 2018","160.29","159.95","160.45","159.93","497.50K","0.16%"
"Nov 09, 2018","160.03","159.43","160.07","159.43","578.86K","0.41%"
"Nov 08, 2018","159.37","159.29","159.51","159.19","535.80K","-0.08%"
"Nov 07, 2018","159.50","159.82","159.89","159.28","615.10K","-0.13%"
"Nov 06, 2018","159.70","159.71","160.04","159.61","525.13K","-0.03%"
"Nov 05, 2018","159.74","159.60","159.91","159.58","480.07K","0.07%"
"Nov 02, 2018","159.63","159.72","159.81","159.45","658.08K","-0.22%"
"Nov 01, 2018","159.98","160.23","160.27","159.75","649.79K","-0.17%"
"Oct 31, 2018","160.26","160.20","160.37","160.01","660.23K","-0.11%"
"Oct 30, 2018","160.44","160.35","160.56","159.96","752.80K","0.06%"
"Oct 29, 2018","160.35","160.62","160.79","160.06","729.93K","-0.32%"
"Oct 26, 2018","160.87","160.32","160.90","160.22","865.94K","0.44%"
"Oct 25, 2018","160.16","160.29","160.33","159.83","681.40K","-0.01%"
"Oct 24, 2018","160.18","159.67","160.35","159.66","729.99K","0.24%"
"Oct 23, 2018","159.79","159.55","159.98","159.43","765.60K","0.28%"
"Oct 22, 2018","159.34","159.07","159.52","158.84","655.44K","-0.04%"
"Oct 19, 2018","159.40","159.78","160.08","159.07","1.04M","-0.08%"
"Oct 18, 2018","159.52","158.89","159.94","158.82","832.96K","0.23%"
"Oct 17, 2018","159.16","158.73","159.24","158.72","681.73K","0.28%"
"Oct 16, 2018","158.72","158.49","158.81","158.34","578.94K","0.08%"
"Oct 15, 2018","158.59","158.66","158.87","158.46","428.87K","0.04%"
"Oct 12, 2018","158.53","158.16","158.74","157.95","584.15K","0.11%"
"Oct 11, 2018","158.35","158.33","158.71","158.12","927.37K","0.30%"
"Oct 10, 2018","157.88","158.10","158.16","157.45","759.65K","-0.13%"
"Oct 09, 2018","158.09","157.95","158.18","157.61","880.49K","0.09%"
"Oct 08, 2018","157.95","157.56","158.23","157.50","591.26K","0.22%"
"Oct 05, 2018","157.61","158.03","158.12","157.33","848.35K","-0.27%"
"Oct 04, 2018","158.04","157.99","158.48","157.74","1.04M","-0.56%"
"Oct 03, 2018","158.93","159.17","159.46","158.21","840.41K","-0.37%"
"Oct 02, 2018","159.52","159.06","159.78","159.00","901.21K","0.47%"
"Oct 01, 2018","158.77","158.74","158.99","158.37","736.06K","-0.01%"
"Sep 28, 2018","158.79","158.54","159.25","158.40","1.05M","0.46%"
"Sep 27, 2018","158.06","158.56","158.79","158.02","861.14K","0.01%"
"Sep 26, 2018","158.04","157.92","158.49","157.89","518.05K","0.11%"
"Sep 25, 2018","157.87","158.21","158.21","157.75","783.45K","-0.28%"
"Sep 24, 2018","158.32","159.03","159.14","158.21","745.99K","-0.43%"
"Sep 21, 2018","159.00","158.75","159.10","158.68","530.18K","0.16%"
"Sep 20, 2018","158.74","158.73","158.93","158.38","734.23K","0.08%"
"Sep 19, 2018","158.62","158.67","158.87","158.42","704.49K","-0.08%"
"Sep 18, 2018","158.74","159.07","159.26","158.66","650.23K","-0.18%"
"Sep 17, 2018","159.02","159.28","159.29","158.84","489.77K","-0.09%"
"Sep 14, 2018","159.17","159.50","159.54","159.01","558.07K","-0.18%"
"Sep 13, 2018","159.46","159.71","159.78","159.26","676.49K","-0.11%"
"Sep 12, 2018","159.63","159.35","159.80","159.34","669.39K","0.21%"
"Sep 11, 2018","159.30","159.67","159.67","159.23","612.07K","-0.24%"
"Sep 10, 2018","159.69","159.94","160.10","159.52","607.67K","-0.16%"
"Sep 07, 2018","159.95","160.42","160.43","159.83","568.74K","-1.64%"
"Sep 06, 2018","162.62","162.48","162.70","162.45","29.85K","0.11%"
"Sep 05, 2018","162.44","162.88","163.03","162.28","489.97K","-0.26%"
"Sep 04, 2018","162.87","163.21","163.22","162.80","1.47M","-0.21%"
"Sep 03, 2018","163.21","163.19","163.49","163.04","1.25M","-0.04%"
"Aug 31, 2018","163.27","162.92","163.32","162.83","1.04M","0.18%"
"Aug 30, 2018","162.98","162.28","163.08","162.13","865.70K","0.49%"
"Aug 29, 2018","162.18","162.62","162.68","162.10","708.02K","-0.21%"
"Aug 28, 2018","162.52","162.67","162.87","162.35","815.85K","-0.07%"
"Aug 27, 2018","162.64","163.17","163.36","162.55","391.91K","-0.28%"
"Aug 24, 2018","163.09","163.01","163.16","162.80","500.67K","0.02%"
"Aug 23, 2018","163.06","163.22","163.23","162.93","454.72K","0.04%"
"Aug 22, 2018","163.00","163.36","163.45","162.91","597.13K","-0.15%"
"Aug 21, 2018","163.24","163.60","163.71","163.17","469.57K","-0.30%"
"Aug 20, 2018","163.73","163.65","163.74","163.42","354.62K","0.04%"
"Aug 17, 2018","163.67","163.53","163.88","163.42","435.26K","0.11%"
"Aug 16, 2018","163.49","163.41","163.67","163.36","402.82K","-0.13%"
"Aug 15, 2018","163.71","163.33","163.82","163.10","506.86K","0.31%"
"Aug 14, 2018","163.21","163.35","163.35","163.11","434.95K","-0.09%"
"Aug 13, 2018","163.36","163.46","163.62","163.22","647.39K","0.01%"
"Aug 10, 2018","163.34","162.69","163.45","162.69","754.29K","0.52%"
"Aug 09, 2018","162.50","162.27","162.62","162.22","445.90K","0.24%"
"Aug 08, 2018","162.11","162.04","162.27","161.96","347.53K","0.06%"
"Aug 07, 2018","162.01","162.23","162.39","161.97","341.62K","-0.21%"
"Aug 06, 2018","162.35","162.01","162.38","161.83","352.12K","0.19%"
"Aug 03, 2018","162.05","161.37","162.12","161.37","668.42K","0.49%"
"Aug 02, 2018","161.26","161.16","161.55","161.05","679.54K","0.22%"
"Aug 01, 2018","160.91","161.42","161.45","160.86","690.87K","-0.41%"
"Jul 31, 2018","161.58","161.90","162.05","161.41","692.91K","0.09%"
"Jul 30, 2018","161.43","162.13","162.30","161.33","631.43K","-0.39%"
"Jul 27, 2018","162.07","162.05","162.23","161.97","450.08K","-0.07%"
"Jul 26, 2018","162.18","161.95","162.37","161.88","546.25K","-0.12%"
"Jul 25, 2018","162.37","162.34","162.47","161.90","441.50K","0.06%"
"Jul 24, 2018","162.28","162.03","162.33","161.82","536.47K","0.11%"
"Jul 23, 2018","162.10","162.41","162.54","161.97","570.47K","-0.26%"
"Jul 20, 2018","162.53","163.16","163.39","162.44","596.60K","-0.34%"
"Jul 19, 2018","163.08","162.78","163.26","162.70","457.41K","0.08%"
"Jul 18, 2018","162.95","162.75","163.20","162.75","429.74K","0.06%"
"Jul 17, 2018","162.85","162.59","162.90","162.57","365.31K","0.23%"
"Jul 16, 2018","162.47","162.97","162.97","162.44","388.74K","-0.31%"
"Jul 13, 2018","162.98","162.68","163.22","162.66","452.73K","0.13%"
"Jul 12, 2018","162.77","162.55","162.82","162.45","412.72K","0.15%"
"Jul 11, 2018","162.53","162.59","162.80","162.40","547.38K","0.09%"
"Jul 10, 2018","162.38","162.49","162.57","162.26","488.69K","-0.14%"
"Jul 09, 2018","162.61","162.67","162.73","162.35","406.31K","-0.13%"
"Jul 06, 2018","162.82","162.50","162.93","162.47","428.97K","0.07%"
"Jul 05, 2018","162.70","162.37","162.78","162.06","608.84K","0.09%"
"Jul 04, 2018","162.55","162.60","162.87","162.37","316.43K","-0.10%"
"Jul 03, 2018","162.72","162.41","162.81","162.22","504.75K","0.06%"
"Jul 02, 2018","162.63","162.57","162.89","162.42","460.78K","0.05%"
"Jun 29, 2018","162.55","162.15","162.65","161.85","699.21K","0.06%"
"Jun 28, 2018","162.46","162.42","162.66","162.18","512.92K","0.10%"
"Jun 27, 2018","162.30","162.09","162.55","162.01","607.01K","0.13%"
"Jun 26, 2018","162.09","162.05","162.37","161.75","598.32K","-0.09%"
"Jun 25, 2018","162.23","162.34","162.57","162.01","510.18K","0.08%"
"Jun 22, 2018","162.10","162.15","162.24","161.80","536.05K","-0.03%"
"Jun 21, 2018","162.15","161.31","162.35","161.26","977.02K","0.40%"
"Jun 20, 2018","161.51","161.43","161.69","161.31","521.73K","-0.01%"
"Jun 19, 2018","161.53","161.49","161.86","161.46","721.42K","0.24%"
"Jun 18, 2018","161.15","161.17","161.41","161.02","456.23K","-0.01%"
"Jun 15, 2018","161.16","160.88","161.52","160.75","792.24K","0.28%"
"Jun 14, 2018","160.71","160.00","160.85","159.45","953.59K","0.40%"
"Jun 13, 2018","160.07","159.80","160.22","159.63","620.45K","0.14%"
"Jun 12, 2018","159.85","159.84","159.92","159.37","634.99K","0.07%"
"Jun 11, 2018","159.74","160.22","160.22","159.55","623.12K","-0.41%"
"Jun 08, 2018","160.40","160.23","161.13","160.18","959.96K","0.52%"
"Jun 07, 2018","159.57","160.12","160.14","159.54","31.81K","-0.42%"
"Jun 06, 2018","160.24","161.06","161.32","159.94","600.58K","-0.76%"
"Jun 05, 2018","161.46","160.82","161.68","160.81","1.89M","0.35%"
"Jun 04, 2018","160.89","161.24","161.42","160.78","1.74M","-0.35%"
"Jun 01, 2018","161.46","161.67","161.83","160.99","1.23M","-0.42%"
"May 31, 2018","162.14","161.75","162.23","160.95","1.47M","0.07%"
"May 30, 2018","162.02","163.04","163.06","161.41","1.63M","-0.48%"
"May 29, 2018","162.80","161.86","164.15","161.79","1.72M","0.54%"
"May 28, 2018","161.93","160.75","162.00","160.29","857.65K","0.57%"
"May 25, 2018","161.02","160.09","161.34","160.05","1.33M","0.50%"
"May 24, 2018","160.22","159.70","160.29","159.31","1.06M","0.29%"
"May 23, 2018","159.76","159.06","159.84","159.03","1.20M","0.54%"
"May 22, 2018","158.90","159.38","159.43","158.74","958.51K","-0.21%"
"May 21, 2018","159.24","158.64","159.50","158.61","803.28K","0.36%"
"May 18, 2018","158.67","157.82","158.82","157.80","777.69K","0.51%"
"May 17, 2018","157.87","158.02","158.39","157.73","905.26K","-0.20%"
"May 16, 2018","158.18","157.90","158.50","157.84","1.09M","0.27%"
"May 15, 2018","157.76","158.13","158.17","157.61","832.07K","-0.24%"
"May 14, 2018","158.14","158.98","159.01","158.12","747.33K","-0.45%"
"May 11, 2018","158.85","158.92","159.16","158.79","421.37K","-0.14%"
"May 10, 2018","159.07","158.84","159.25","158.81","572.67K","0.14%"
"May 09, 2018","158.85","158.79","158.90","158.52","585.28K","0.00%"
"May 08, 2018","158.85","159.25","159.28","158.77","547.05K","-0.29%"
"May 07, 2018","159.31","159.10","159.42","159.07","254.13K","0.14%"
"May 04, 2018","159.08","159.14","159.39","159.05","626.75K","-0.11%"
"May 03, 2018","159.26","158.65","159.35","158.43","894.94K","0.42%"
"May 02, 2018","158.59","158.68","158.70","158.44","612.13K","-0.09%"
"Apr 30, 2018","158.74","158.64","158.91","158.38","606.83K","0.05%"
"Apr 27, 2018","158.66","158.38","158.78","158.38","647.94K","0.22%"
"Apr 26, 2018","158.31","157.79","158.46","157.74","752.36K","0.37%"
"Apr 25, 2018","157.72","157.88","157.88","157.45","741.00K","-0.03%"
"Apr 24, 2018","157.76","157.88","158.04","157.43","759.49K","-0.03%"
"Apr 23, 2018","157.80","157.88","157.97","157.62","861.85K","-0.21%"
"Apr 20, 2018","158.13","158.28","158.40","157.90","744.54K","-0.03%"
"Apr 19, 2018","158.17","159.03","159.04","158.06","1.09M","-0.55%"
"Apr 18, 2018","159.05","159.26","159.55","158.96","753.07K","-0.18%"
"Apr 17, 2018","159.34","159.09","159.45","158.95","584.95K","0.12%"
"Apr 16, 2018","159.15","159.24","159.27","158.74","622.22K","-0.12%"
"Apr 13, 2018","159.34","159.29","159.37","158.95","600.23K","0.03%"
"Apr 12, 2018","159.29","159.40","159.52","159.15","659.30K","-0.13%"
"Apr 11, 2018","159.50","159.17","159.65","159.17","665.49K","0.28%"
"Apr 10, 2018","159.05","159.34","159.59","159.00","877.26K","-0.16%"
"Apr 09, 2018","159.30","159.44","159.49","159.24","487.94K","-0.13%"
"Apr 06, 2018","159.50","159.24","159.57","159.15","531.41K","0.25%"
"Apr 05, 2018","159.11","159.22","159.26","158.89","720.30K","-0.23%"
"Apr 04, 2018","159.47","159.28","159.66","159.22","705.99K","0.11%"
"Apr 03, 2018","159.30","159.57","159.61","159.07","702.62K","-0.08%"
"Mar 29, 2018","159.43","159.24","159.48","159.14","578.41K","0.08%"
"Mar 28, 2018","159.31","159.30","159.69","159.12","824.21K","0.05%"
"Mar 27, 2018","159.23","158.77","159.42","158.73","733.47K","0.19%"
"Mar 26, 2018","158.93","158.87","158.95","158.59","539.22K","0.04%"
"Mar 23, 2018","158.87","158.90","159.01","158.55","714.82K","-0.06%"
"Mar 22, 2018","158.96","158.09","159.00","158.05","948.82K","0.68%"
"Mar 21, 2018","157.88","158.00","158.10","157.75","490.66K","-0.11%"
"Mar 20, 2018","158.06","158.12","158.17","157.91","501.56K","-0.11%"
"Mar 19, 2018","158.23","158.16","158.30","157.67","655.36K","0.03%"
"Mar 16, 2018","158.19","158.24","158.35","157.98","466.02K","0.03%"
"Mar 15, 2018","158.14","157.85","158.24","157.81","606.43K","0.13%"
"Mar 14, 2018","157.94","157.62","157.97","157.34","674.07K","0.30%"
"Mar 13, 2018","157.47","157.25","157.61","157.17","682.43K","0.13%"
"Mar 12, 2018","157.27","157.00","157.36","156.91","440.19K","0.18%"
"Mar 09, 2018","156.98","157.15","157.25","156.88","527.88K","-1.49%"
"Mar 08, 2018","159.36","159.40","159.56","159.32","12.68K","-0.04%"
"Mar 07, 2018","159.43","159.43","159.63","159.26","357.29K","0.11%"
"Mar 06, 2018","159.25","159.54","159.74","158.89","1.62M","-0.39%"
"Mar 05, 2018","159.88","160.00","160.38","159.41","1.50M","0.07%"
"Mar 02, 2018","159.77","159.90","160.21","159.58","912.66K","0.04%"
"Mar 01, 2018","159.70","159.45","160.09","159.44","959.07K","0.16%"
"Feb 28, 2018","159.44","159.24","159.52","159.03","701.49K","0.15%"
"Feb 27, 2018","159.20","159.45","159.51","159.05","813.66K","-0.23%"
"Feb 26, 2018","159.56","159.65","159.67","159.25","678.75K","0.05%"
"Feb 23, 2018","159.48","158.68","159.66","158.68","777.96K","0.45%"
"Feb 22, 2018","158.76","158.24","158.85","158.18","630.34K","0.16%"
"Feb 21, 2018","158.51","158.41","158.85","158.17","675.67K","0.08%"
"Feb 20, 2018","158.39","158.17","158.55","157.90","614.79K","0.08%"
"Feb 19, 2018","158.27","158.49","158.53","158.17","338.58K","-0.21%"
"Feb 16, 2018","158.61","157.76","158.78","157.65","575.90K","0.46%"
"Feb 15, 2018","157.88","157.65","158.01","157.42","720.05K","-0.06%"
"Feb 14, 2018","157.98","158.25","158.38","157.65","782.15K","-0.08%"
"Feb 13, 2018","158.11","158.03","158.44","157.95","664.40K","0.09%"
"Feb 12, 2018","157.97","157.75","158.17","157.54","636.37K","-0.04%"
"Feb 09, 2018","158.04","158.05","158.65","157.70","920.81K","0.19%"
"Feb 08, 2018","157.74","157.92","158.23","157.26","1.16M","-0.31%"
"Feb 07, 2018","158.23","158.68","158.92","157.92","928.91K","-0.40%"
"Feb 06, 2018","158.86","158.96","159.24","158.48","1.27M","0.49%"
"Feb 05, 2018","158.09","157.67","159.30","157.62","871.67K","0.14%"
"Feb 02, 2018","157.87","158.17","158.36","157.71","1.03M","-0.46%"
"Feb 01, 2018","158.60","158.55","158.81","158.15","1.08M","-0.14%"
"Jan 31, 2018","158.82","158.96","159.33","158.50","917.38K","-0.06%"
"Jan 30, 2018","158.91","158.74","159.18","158.73","840.36K","0.13%"
"Jan 29, 2018","158.71","159.59","159.64","158.66","1.02M","-0.68%"
"Jan 26, 2018","159.79","160.15","160.36","159.74","751.02K","-0.16%"
"Jan 25, 2018","160.05","160.57","160.75","159.66","1.01M","-0.22%"
"Jan 24, 2018","160.40","160.85","160.85","160.32","675.76K","-0.25%"
"Jan 23, 2018","160.80","160.70","161.13","160.68","605.82K","0.04%"
"Jan 22, 2018","160.74","160.55","160.82","160.38","432.97K","0.05%"
"Jan 19, 2018","160.66","160.42","160.85","160.31","530.11K","0.05%"
"Jan 18, 2018","160.58","160.62","160.70","160.30","613.31K","-0.15%"
"Jan 17, 2018","160.82","160.78","160.97","160.65","514.18K","0.03%"
"Jan 16, 2018","160.77","160.46","160.97","160.41","632.57K","0.27%"
"Jan 15, 2018","160.34","160.59","160.76","160.30","328.10K","-0.02%"
"Jan 12, 2018","160.38","160.42","160.65","160.11","781.17K","0.04%"
"Jan 11, 2018","160.31","161.38","161.55","160.27","1.06M","-0.47%"
"Jan 10, 2018","161.07","161.00","161.37","160.91","870.62K","-0.14%"
"Jan 09, 2018","161.30","161.67","162.00","161.20","719.57K","-0.31%"
"Jan 08, 2018","161.80","161.64","162.04","161.39","454.69K","0.13%"
"Jan 05, 2018","161.59","161.70","161.87","161.50","467.09K","0.00%"
"Jan 04, 2018","161.59","161.44","161.75","161.26","640.61K","0.01%"
"Jan 03, 2018","161.58","161.26","161.82","161.20","604.24K","0.19%"
"Jan 02, 2018","161.28","161.78","161.78","161.18","485.60K","-0.25%"